word;sentence_indices;frequency
Except;2162;1
accept;1232,1651,3523,5331,5795,6085,7121,9195,9649;9
except;565,846,863,2683,2937,3508,4078,4883,5262,5595,8620;11
advice;267,644,906,995,1659,2305,2406,2636,3210,3674,4937,4978,5086,5148,5729,6174,8095,8632,9123,9692;20
advise;3260;1
Effect;;0
affect;128,4696,5684,6109,6119,7526,8633,8808,9751;9
effect;278,300,432,653,1397,1400,2686,3447,3589,3787,4714,5021,5024,5133,5920,6261,6804,7191,7339,8297,9251,9708,9708;23
Being;1145;1
begin;180,230,291,910,1137,1431,1511,2553,3950,4260,6865,7115,8002,8228,8342,8342,9377,9596,9847;19
being;5,19,73,115,128,143,171,288,288,320,380,425,425,428,450,470,541,543,582,625,628,628,628,643,715,737,747,759,795,847,849,983,983,1006,1006,1134,1160,1293,1302,1303,1363,1594,1609,1631,1648,1674,1677,1799,1837,1838,1841,1983,2021,2160,2373,2373,2389,2416,2417,2579,2617,2637,2664,2666,2714,2716,2800,2808,2823,2833,2842,2900,2904,2947,3045,3079,3097,3104,3185,3194,3196,3196,3201,3277,3320,3569,3611,3643,3736,3834,3887,3961,3971,4005,4026,4114,4134,4135,4142,4169,4170,4269,4291,4310,4310,4335,4423,4453,4453,4512,4525,4610,4728,4988,4989,4992,5068,5136,5266,5340,5355,5357,5357,5391,5391,5459,5680,5705,5713,5732,5805,5893,5964,6021,6091,6263,6339,6366,6401,6401,6503,6508,6508,6523,6570,6570,6618,6745,6805,6806,6890,6904,6975,7007,7011,7030,7071,7191,7272,7329,7415,7483,7502,7579,7579,7585,7642,7711,7833,7907,7917,7949,8052,8074,8111,8126,8159,8185,8202,8405,8473,8495,8524,8563,8608,8609,8649,8710,8782,8816,8824,8856,8860,9028,9087,9100,9136,9159,9200,9241,9264,9380,9408,9464,9594,9636,9655,9709,9739,9894,9999;211
bitch;;0
pitch;806,1042,5169,5184,6784,7675,9861;7
brakes;;0
breaks;767,1308,2053,2166,3659,3911,9656;7
Capital;357,962,1209,1526,1714,2135,2233,2235,2243,2244,2257,2471,2573,3002,4638,4765,5187,5914,5933,6046,6046,6093,6625;23
Capitol;909,6706;2
capital;65,374,744,897,1374,1374,1436,1927,2298,2457,2627,3420,3499,3688,3697,5241,5494,5935,6837,7047,7170,8372,8526,8809,9028,9276,9544;27
Site;76;1
sight;2454,5165;2
site;44,262,421,662,1315,1578,1688,1743,1815,1970,3163,3417,3800,5588,5866,6692,7246,7885,7942,7990,8194,8195,8202,8618,9553,9727,9995;27
Country;47,4468,7640,8210,8210,8210,9019;7
County;641,689,880,880,1028,1184,1662,1725,1813,1925,2110,2367,2440,2965,2974,4585,5035,5035,5499,5499,6111,6678,6907,7192,7203,7464,7756,7788,7812,7818,8621,8621,9020,9239;34
country;56,72,286,305,452,524,745,866,979,1022,1046,1345,1362,1591,1610,1618,1694,1709,1759,1839,1894,1957,1961,2023,2046,2206,2551,2582,2586,2640,2643,2665,2852,3011,3047,3205,3274,3286,3382,3527,3568,3584,3792,4085,4168,4312,4428,4509,4780,4963,5052,5073,5079,5474,5547,5639,5744,6028,6251,6709,6738,6751,6894,6916,7002,7060,7143,7180,7180,7270,7413,7418,7493,7663,7663,7709,7734,7895,7973,8101,8175,8230,8265,8401,8412,8550,8550,8897,9171,9251,9275,9393,9663,9759;94
county;637,908,1496,2130,2782,5164,5350,7204,7204,9301;10
crab;9748;1
crap;3887;1
Desert;6781;1
desert;537,3589;2
dessert;2450,5217,6790,8628;4
Easy;19,2034;2
ease;2695,5330,5379,5652,6708;5
easy;611,1433,1850,2593,2698,3018,3401,3548,3887,3920,4076,4107,4215,4220,4321,5412,6004,6468,6982,8015,8030,8142,9356,9774,9855;25
Effects;;0
affects;2060,3886,5725,8613;4
effects;432,615,2868,3384,4480,4545,4714,5345,6538,7634,7846,7860,7959,8043,8103,8736,9242,9383,9791;19
extend;2650,5745,7333,7452,7812,8198,8379,9671,9747;9
extent;2508,4175,5958,8835,8976,9073,9511;7
feat;2157,3098,7610,8812;4
feet;1123,1632,1880,1936,2735,2802,3071,3346,4065,4659,4680,5650,5650,6585,7619,8075,8510,9775;18
Few;2218,2219;2
View;4779,6944,7471;3
few;6,152,167,168,380,850,894,896,928,982,1218,1298,1355,1364,1759,1938,2168,2284,2320,2351,2395,2525,2760,2772,2794,2839,2883,3087,3114,3212,3389,3571,3577,3710,3773,3862,4231,4272,4503,4507,4558,4668,4842,4970,5031,5150,5407,5417,5422,5481,5543,5597,5988,6004,6045,6325,6669,6739,6840,7025,7610,7621,7672,7705,7824,7853,7867,7946,8026,8262,8513,8836,9006,9152,9198,9277,9304,9304,9310,9322,9457,9609,9659,9830,9884,9932;86
view;473,980,1049,1385,2047,2055,4082,4180,4273,5009,5216,5226,5553,8108,8250,8410,9473,9850;18
Form;4776;1
From;2447,2448,2449,2450,2451,2452,2453,2454,2455,2456,2457,2458,2459,2460,2461,2462,2463,2464,2465,2466,2467,2468,2469,3645,3772,9735;26
form;26,323,473,498,1515,1748,2018,2560,2662,3124,4337,4711,4963,5004,5299,5392,6220,6388,6965,6968,7293,8174,8664,8827,8937,8941,8986,9000,9328;29
from;15,24,27,31,34,35,38,53,57,58,59,62,63,63,63,69,70,70,73,73,82,88,89,98,102,104,104,109,109,129,146,147,147,166,166,192,194,201,203,204,206,225,237,247,268,274,288,291,300,305,311,325,336,336,343,364,370,378,396,405,414,418,421,473,489,521,524,532,567,579,581,582,584,592,597,598,603,615,623,624,662,671,675,691,698,699,700,709,717,719,733,741,746,751,782,785,789,793,798,815,822,822,829,830,833,834,845,847,861,863,880,881,902,910,914,943,948,952,953,963,1019,1042,1049,1055,1062,1079,1080,1080,1083,1089,1092,1109,1110,1111,1115,1143,1154,1164,1172,1190,1193,1194,1198,1201,1209,1210,1219,1225,1228,1252,1297,1301,1306,1351,1385,1410,1410,1426,1455,1455,1461,1462,1502,1521,1530,1551,1558,1589,1605,1613,1616,1624,1626,1627,1628,1629,1631,1662,1682,1697,1732,1733,1735,1736,1741,1743,1745,1765,1784,1791,1823,1827,1829,1830,1835,1858,1859,1867,1867,1895,1900,1911,1922,1937,1942,1955,1956,1964,1964,1971,1986,1994,2003,2005,2020,2030,2041,2055,2103,2104,2115,2122,2124,2124,2140,2164,2175,2176,2199,2201,2206,2214,2237,2238,2240,2248,2251,2251,2256,2258,2309,2311,2314,2318,2326,2345,2345,2404,2420,2421,2437,2438,2458,2467,2475,2482,2488,2533,2554,2556,2575,2576,2626,2662,2695,2703,2711,2725,2728,2749,2798,2804,2818,2823,2823,2828,2861,2862,2866,2904,2937,2946,2959,2970,2980,2984,2993,3018,3038,3062,3100,3138,3195,3203,3245,3245,3258,3262,3302,3311,3321,3328,3338,3343,3345,3346,3348,3360,3376,3376,3382,3393,3400,3419,3433,3439,3439,3465,3468,3474,3482,3495,3500,3504,3515,3521,3527,3531,3537,3547,3549,3579,3585,3595,3628,3647,3659,3667,3699,3704,3709,3719,3719,3737,3753,3754,3767,3768,3777,3778,3793,3796,3796,3812,3824,3845,3846,3865,3868,3878,3889,3929,3939,3951,3982,3995,4020,4039,4040,4055,4055,4083,4130,4152,4159,4163,4223,4249,4258,4294,4298,4311,4325,4338,4341,4364,4374,4412,4433,4437,4442,4444,4466,4485,4515,4518,4545,4548,4563,4580,4584,4644,4645,4655,4674,4677,4685,4704,4755,4759,4765,4782,4803,4819,4821,4823,4844,4856,4869,4894,4894,4899,4931,4950,4951,4959,4963,4973,4978,4997,4998,4999,5026,5036,5037,5038,5045,5064,5075,5075,5081,5086,5134,5167,5185,5192,5208,5218,5220,5222,5233,5235,5244,5256,5260,5283,5286,5303,5316,5322,5323,5374,5387,5394,5442,5458,5464,5479,5482,5483,5497,5497,5502,5514,5522,5522,5532,5539,5541,5546,5548,5574,5587,5601,5637,5650,5650,5659,5662,5669,5670,5674,5683,5692,5694,5704,5715,5715,5741,5773,5774,5777,5778,5779,5780,5822,5824,5835,5837,5843,5852,5873,5880,5897,5901,5913,5951,5968,5972,5978,5991,5992,6006,6008,6027,6027,6028,6039,6042,6047,6052,6052,6060,6064,6069,6088,6089,6105,6113,6113,6117,6123,6125,6131,6155,6170,6181,6188,6223,6228,6228,6229,6234,6237,6238,6245,6284,6295,6296,6309,6318,6323,6327,6338,6346,6352,6354,6391,6401,6419,6424,6432,6449,6472,6497,6503,6511,6524,6526,6530,6539,6539,6554,6586,6619,6627,6638,6655,6657,6666,6667,6678,6689,6696,6713,6714,6717,6728,6742,6762,6785,6802,6818,6819,6879,6889,6902,6911,6912,6951,6959,6981,6997,7010,7019,7032,7041,7046,7060,7068,7069,7069,7116,7116,7121,7123,7124,7159,7161,7166,7169,7174,7175,7196,7207,7216,7220,7238,7260,7285,7306,7327,7329,7331,7335,7336,7409,7419,7446,7447,7448,7482,7511,7515,7525,7556,7558,7566,7583,7601,7609,7612,7615,7618,7620,7620,7624,7631,7638,7638,7642,7657,7657,7665,7677,7707,7721,7726,7741,7745,7758,7777,7786,7823,7831,7831,7833,7837,7852,7869,7869,7885,7912,7913,7934,7965,7972,7999,8010,8034,8057,8072,8075,8078,8080,8080,8085,8089,8116,8128,8161,8167,8167,8186,8195,8202,8213,8213,8223,8228,8241,8262,8272,8285,8330,8347,8359,8359,8383,8389,8392,8394,8424,8436,8441,8448,8464,8473,8474,8481,8483,8495,8496,8510,8531,8536,8538,8539,8549,8550,8556,8556,8590,8619,8626,8629,8637,8651,8654,8691,8691,8710,8738,8741,8794,8819,8820,8824,8834,8864,8872,8875,8884,8884,8887,8902,8906,8910,8911,8916,8925,8933,8934,8939,8939,8949,8963,8969,8978,8988,8991,8993,9003,9032,9036,9039,9043,9044,9074,9097,9099,9114,9125,9128,9132,9145,9169,9229,9242,9258,9296,9358,9374,9375,9395,9402,9441,9459,9460,9472,9486,9490,9492,9500,9511,9522,9533,9544,9545,9604,9615,9625,9670,9692,9693,9693,9694,9698,9701,9706,9708,9708,9714,9719,9783,9792,9814,9830,9833,9836,9849,9883,9893,9897,9906,9916,9931,9948,9960,9966,9970,9989,9992;863
Fourth;816,2424,6892;3
forth;1313,4280,6527,6804,7824,8098,8204;7
fourth;71,171,1238,1690,1819,2249,2300,2300,3597,3756,3959,4656,5011,5627,5914,6064,6102,6295,6721,7039,7275,7560,8497,8522,8893,9083,9596;27
forms;217,6245,7942;3
forums;;0
Found;;0
Fund;263,356,1220,1877,2253,2260,5231,5568,6958,7450,9071;11
found;7,11,12,39,76,444,727,754,826,840,992,1028,1261,1275,1310,1656,1709,1715,1799,1855,1924,2080,2457,2503,2709,2813,2825,2837,2925,2934,3273,3297,3554,3583,3721,3941,4070,4303,4367,4510,4584,4790,4794,5052,5181,5384,5462,5462,5501,5673,5706,5811,5825,6039,6045,6155,6246,6375,6549,6928,6976,6992,6999,7210,7354,7375,7639,7644,7648,7696,7734,7866,8028,8042,8066,8077,8077,8191,8212,8269,8272,8303,8374,8389,8494,8662,8799,8822,9000,9111,9112,9180,9516,9530,9567,9657,9786,9890,9946;99
fund;81,81,2510,3508,3522,3645,5212,5324,5425,5897,7241,7279,7426,7427,7428,7429,9262,9376,9696;19
Lead;;0
Led;;0
lead;177,214,274,325,696,860,922,922,923,1230,1434,1659,1676,2156,2305,2312,2431,2482,2486,2624,2911,2959,3287,3719,3935,4037,4139,4280,4523,4697,5408,5631,5637,5744,5759,6173,6268,6358,6613,6923,7074,7166,7237,7286,7298,7485,7600,7924,8205,8615,8636,8642,8816,9360,9675,9817;56
led;84,126,766,922,1386,1423,1971,2038,2664,2680,2707,2766,2901,3123,3170,4059,4068,4485,5018,5201,5587,5708,5818,6034,6300,7196,7256,7501,7527,7691,8154,8290,8408,8477,8746,8898,8988,9030,9138,9539,9992;41
Life;19,359,464,3760,4554,4703,5170,5228,5396,6039,9254;11
Live;1105,5630,5700,7476,8894,9897;6
life;102,119,153,180,191,217,301,400,487,587,679,741,1022,1049,1180,1182,1230,1315,1365,1511,1705,1730,1775,1832,1913,2029,2290,2636,2700,2738,2823,2856,2871,2881,2927,2984,3051,3154,3223,3407,3498,3618,4007,4249,4348,4357,4619,4622,4852,4901,5016,5032,5034,5063,5255,5563,5639,5695,5697,5725,5737,5829,5983,6002,6012,6162,6366,6373,6477,6610,6653,6659,6726,6875,7293,7310,7324,7443,7506,7662,7731,7763,7992,8099,8276,8391,8409,8593,8650,8680,8680,8683,8824,8872,9000,9033,9111,9112,9123,9337,9384,9774,9886,9900;104
live;318,352,477,501,592,937,969,1111,1132,1241,1395,1428,2005,2575,2611,3001,3223,4458,4664,4731,4785,4916,5018,5635,5694,5876,6180,6205,6513,6821,6910,6910,6985,7255,7306,7669,7940,7956,7981,9329,9460,9462,9837,9900,9977;45
loose;2903,4772,5345;3
lose;692,972,1417,1732,2876,3092,3241,3299,3911,4210,6204,6344,6413,7117,7828,9215,9515;17
Mad;;0
Made;4801;1
mad;2942,5426;2
made;20,68,73,112,123,189,205,253,280,386,435,437,572,731,747,871,924,1023,1138,1145,1163,1278,1348,1438,1519,1581,1599,1658,1709,1750,1801,1867,1975,1996,2063,2084,2104,2194,2245,2269,2337,2344,2398,2444,2490,2533,2549,2549,2550,2606,2689,2770,2771,2838,2906,2910,2976,2997,3013,3050,3093,3095,3107,3461,3543,3565,3578,3578,3635,3719,3839,3867,3956,4022,4063,4182,4199,4365,4475,4511,4566,4685,4687,4737,4775,4858,4905,4953,4956,4970,4972,5078,5124,5127,5266,5293,5299,5416,5497,5581,5591,5656,5713,5731,5797,5837,5887,5894,5949,6163,6180,6198,6237,6295,6316,6372,6530,6615,6773,7097,7142,7231,7310,7313,7328,7563,7606,7682,7712,7907,7985,7991,7996,8119,8209,8235,8303,8406,8448,8749,8766,8769,8871,8983,9036,9085,9193,9256,9388,9491,9615,9681,9693,9835;154
Or;5566,5567,5571,5572,5576,5578,5579,5580,5581,5582,5583;11
or;4,55,73,81,90,107,200,223,232,279,317,340,375,378,383,426,473,562,582,583,603,637,637,641,668,687,689,690,731,738,770,845,875,875,887,912,935,950,965,1031,1041,1109,1115,1169,1195,1254,1307,1313,1341,1353,1357,1396,1420,1466,1511,1553,1574,1576,1631,1633,1659,1680,1686,1703,1720,1765,1771,1846,1895,1900,1902,1965,1965,2011,2014,2015,2015,2049,2059,2079,2091,2119,2122,2135,2137,2138,2142,2173,2220,2259,2275,2296,2326,2330,2340,2345,2355,2376,2397,2410,2434,2438,2458,2502,2539,2554,2607,2612,2624,2632,2636,2661,2735,2750,2763,2815,2846,2864,2900,2930,2930,2963,2963,2963,2964,2971,2976,2992,3085,3113,3122,3158,3204,3220,3228,3238,3241,3242,3244,3245,3246,3260,3286,3297,3302,3308,3322,3323,3349,3352,3432,3447,3471,3516,3564,3571,3572,3603,3615,3627,3628,3628,3642,3643,3648,3650,3652,3739,3739,3755,3781,3791,3805,3811,3873,3880,3919,3920,3920,3923,3923,3950,3955,3963,3978,4009,4028,4029,4031,4041,4045,4069,4110,4137,4154,4157,4205,4210,4220,4229,4233,4242,4249,4259,4264,4267,4269,4279,4279,4301,4342,4356,4371,4391,4402,4424,4456,4507,4510,4553,4562,4638,4654,4655,4714,4728,4740,4788,4831,4842,4844,4848,4886,4891,4919,5040,5052,5057,5059,5086,5106,5107,5115,5152,5160,5196,5274,5281,5281,5283,5287,5306,5306,5328,5331,5331,5350,5358,5358,5373,5398,5424,5437,5487,5572,5674,5729,5788,5789,5823,5825,5825,5852,5874,5885,5925,5926,5957,6143,6145,6145,6146,6240,6255,6283,6286,6325,6330,6330,6339,6371,6388,6391,6395,6415,6416,6417,6466,6466,6470,6478,6529,6533,6537,6542,6563,6569,6611,6636,6650,6651,6658,6663,6727,6824,6841,6843,6890,6891,6897,6984,7001,7013,7059,7123,7138,7170,7215,7268,7308,7410,7416,7436,7437,7566,7585,7655,7776,7778,7800,7800,7854,7857,7920,7972,7980,8005,8007,8060,8074,8108,8110,8148,8151,8164,8172,8200,8239,8244,8275,8311,8330,8344,8410,8468,8505,8505,8535,8563,8577,8646,8666,8714,8752,8809,8809,8809,8863,8868,8868,8869,8876,8892,8906,8921,8933,8933,8940,8967,8995,8996,9099,9101,9104,9106,9128,9145,9162,9231,9263,9328,9367,9383,9426,9443,9447,9488,9505,9505,9518,9532,9612,9636,9639,9640,9641,9643,9644,9645,9646,9646,9661,9681,9751,9753,9768,9783,9801,9826,9849,9863,9864,9866,9880,9910,9910,9937,9949,9955,9965,9967,9967,9974;443
ore;;0
Past;5699;1
passed;426,439,1295,2046,2586,2588,2626,3778,4653,4747,4874,4898,5414,5497,5890,6141,6148,6657,7026,7027,8275,8396,8603,9789;24
past;797,1155,1364,1486,1535,1575,1676,1936,1982,2040,2319,2439,2545,2996,3683,3771,3772,3773,3838,4178,4265,4391,4512,4598,4715,4845,5481,5608,5657,5658,6245,6384,6680,7129,7300,7667,7749,8056,8159,8177,8766,8867,8885,8948,9029,9176,9384,9456,9457,9458,9505,9666,9679,9698,9869,9980;56
Peace;513,1396,2635;3
Piece;5475;1
peace;513,587,1386,2642,2691,2983,3320,3894,4277,4827,6380,7403,7998,8994,9053,9951;16
piece;2768,3158,3747,5595,5862,5964,6391,6753,7851,8166,8552,8918;12
Plain;;0
plain;3583,9858;2
plane;1440,2320,2326,4891,5435,5553,6923,7340,7529,8805,8805;11
Principal;;0
principal;727,913,1800,3520,3525,3803,4645,5502,6357,6735;10
principle;2848,3547,5241;3
Provence;;0
Province;;0
province;1968,2661,5657,6726,7912,8631,9142,9405,9408,9694;10
Quiet;;0
Quite;;0
quiet;2151,2639,2724,2884,3618,4079,4102,5136,6544,8565,9538;11
quite;368,842,1334,1334,1523,1618,2095,2095,2102,2430,3180,3209,3280,3577,4404,4775,4897,5095,6619,6744,6791,6978,7994,8054,8289,8415,8504,9100;28
Rise;2250,5630,6233,8986;4
raise;51,265,1254,1424,2131,2993,3292,5442,6419,6650,7393;11
rise;401,928,995,1030,1064,1076,1603,2156,2454,2773,3121,3149,3461,4146,4845,4846,5880,7019,8098,8930,9653;21
Safe;6143,8431;2
Save;5074;1
safe;149,613,654,731,863,863,906,1381,1499,2029,2029,2107,2298,2318,2385,2451,2862,3146,3877,4026,4548,5146,5763,5801,6539,7084,7131,7374,7443,7682,7728,7850,8006,8110,9098,9130,9417,9688;38
save;499,1169,2593,2764,3059,5027,5041,5074,5354,5593,7509,9849;12
Split;;0
spit;;0
split;559,1391,1761,6297,6989,8211,8660,8796,9833;9
Than;8843;1
Then;7718,7719,7730,7755,7756,7757,7758,7763,7765,7766,7767,7774,7775,7776,7777,7778;16
than;31,63,73,84,120,154,156,220,224,233,257,262,371,384,424,430,488,506,550,583,584,612,613,619,632,679,691,700,741,743,758,769,801,830,834,836,847,847,865,866,887,896,941,1026,1109,1111,1139,1170,1183,1198,1223,1255,1255,1271,1274,1281,1319,1330,1406,1410,1492,1540,1641,1674,1684,1737,1737,1749,1821,1826,1988,2009,2025,2055,2095,2099,2110,2154,2162,2284,2309,2346,2386,2414,2522,2616,2616,2618,2624,2624,2625,2627,2681,2933,2956,3047,3060,3166,3201,3238,3272,3317,3430,3450,3459,3551,3565,3575,3598,3606,3654,3746,3759,3878,3903,3909,3941,3960,3983,4016,4024,4084,4155,4190,4204,4207,4245,4357,4360,4387,4558,4619,4657,4682,4686,4782,4794,4824,4929,4979,5009,5029,5030,5031,5032,5033,5034,5165,5247,5252,5272,5273,5288,5343,5465,5495,5511,5538,5597,5629,5675,5686,5801,5811,5858,5894,5927,5930,5951,5962,5963,5964,5988,6019,6032,6036,6071,6080,6134,6232,6247,6319,6401,6443,6444,6444,6558,6712,6819,6820,6843,6847,6858,6890,6909,6961,6963,6993,7012,7060,7088,7118,7180,7224,7256,7264,7277,7280,7280,7283,7319,7321,7332,7376,7426,7463,7473,7515,7526,7546,7578,7657,7689,7724,7786,7788,7861,7870,7885,7895,7920,7974,8024,8051,8051,8053,8100,8160,8202,8216,8221,8250,8288,8296,8310,8312,8345,8436,8458,8473,8474,8566,8580,8583,8753,8811,8840,8847,8978,8986,9023,9030,9051,9121,9133,9258,9260,9298,9338,9379,9409,9501,9570,9573,9582,9723,9729,9768,9797,9804,9805,9820,9828,9851,9926,9987;286
then;51,203,227,279,287,506,554,555,556,557,558,559,606,789,1057,1061,1140,1194,1213,1226,1266,1437,1451,1608,1663,1672,1732,1789,1886,1951,1959,2091,2117,2142,2314,2463,2516,2561,2712,2773,2859,2892,2902,2937,2947,2948,3220,3257,3266,3270,3286,3288,3298,3324,3341,3350,3351,3418,3466,3484,3564,3626,3755,3805,3829,3863,3874,3931,4114,4199,4300,4408,4420,4471,4558,4643,4681,4708,4881,4898,4941,5017,5041,5048,5107,5184,5416,5425,5437,5449,5465,5875,5980,6155,6325,6344,6355,6407,6407,6408,6409,6421,6437,6460,6505,6536,6551,6824,6876,6895,6917,6925,6951,7178,7248,7643,7762,7847,8083,8314,8437,8536,8575,8576,8592,8937,8950,9069,9177,9196,9257,9381,9383,9488,9571,9585,9585,9602,9664,9870,9898,9925,9932;143
Their;1855,7560,7561,7562,7563,7564,7565,7566,7567,7568,7569,7570,7571,7572,7573,7574,7575,7576,7577;19
There;596,2481,2549,4399,7939,7940,7941,7942,7943,7944,7945,7946,7947,7948,7949,7950,7951,7952,7953,7954,7955,7956,7957,7958,7959,7960,7961,7962,7963,7964,7965,7966,7967,7976,7988,7989,7990,7991,7992,7993,7994,7995,7996,7997,7998,7999,8000,8001,8002,8003,8004,8005,8006,8007,8008,8009,8010,8011,8012,8013,8016,8029,8030,8031,8032,8033,8034,8035,8036,8037,8038,8039,8040,8041,8045,8046,8047,8048,8049,8050,8051,8052,8053,8054,8055,8056,8058,8060,8066,8071,8072,8073,8074,8075,8076,8077,8078,8079,8080,8081,8082,8083,8084,8085,8086,8087,8088,8089,8090,8091,8092,8093,8094,8095,8096,8227;116
They;886,2166,4151,4724,4779,8444,8445,8447,8448,8449,8450,8452,8453,8454,8455,8456,8457,8458,8459,8460,8462,8463,8464,8465,8466,8467,8468,8469,8470,8471,8472,8473,8474,8475,8476,8477,8478,8479,8480,8481,8482,8483,8484,8485,8486,8487,8488,8489,8490,8491,8492,8493,8494,8495,8496,8497,8498,8499,8500,8501,8502,8503,8504,8505,8506,8507,8508,8509,8510,8511,8512,8513,8514,8515,8516,8517,8518,8519,8520,8521,8522,8523,8524,8525,8526,8527,8528,8529,8530,8531,8532,8533,8534,8535,8536,8541,8542,8543,8544,8545,8546,8547,8548,8549,8550,8551,8552,8553,8554,8555,8556,8557,8558,8559,8560,8561,8562,8563,8564,8565,8566,8567,8568,8569,8570,8571,8572,8573,8574,8575,8576,8577,8578,8579,8580,8581,8582,8583,8584,8585,8586,8587,8588,8589,8590,8591,8592,8593,8594,8595,8596,8597,8598,8599,8600,8601,8602,8603;158
their;5,24,28,81,94,100,105,110,111,112,159,180,210,210,223,248,249,251,253,283,296,309,329,348,349,379,383,388,390,427,473,478,487,493,493,525,536,545,596,622,629,641,672,702,702,715,725,741,741,744,746,791,791,792,811,829,833,836,837,860,863,897,910,911,914,922,932,951,972,984,1000,1022,1022,1029,1029,1050,1071,1079,1080,1091,1123,1131,1147,1151,1153,1179,1209,1213,1237,1254,1289,1312,1341,1392,1392,1395,1406,1413,1414,1421,1431,1448,1500,1502,1511,1550,1604,1607,1607,1624,1626,1627,1629,1662,1666,1684,1708,1709,1727,1727,1735,1736,1741,1770,1790,1803,1858,1859,1868,1888,1929,1971,1978,1980,1992,2001,2014,2037,2044,2049,2049,2053,2054,2087,2091,2116,2135,2137,2142,2172,2177,2189,2196,2201,2220,2237,2238,2240,2248,2251,2311,2317,2347,2350,2357,2368,2382,2389,2393,2394,2397,2406,2414,2415,2417,2418,2433,2434,2439,2443,2462,2462,2462,2472,2479,2488,2515,2523,2527,2528,2539,2563,2569,2576,2636,2643,2646,2652,2661,2682,2695,2703,2827,2910,3000,3009,3025,3047,3059,3092,3092,3114,3122,3129,3129,3155,3166,3223,3240,3243,3243,3258,3261,3292,3296,3423,3423,3499,3503,3516,3516,3527,3540,3542,3571,3583,3637,3685,3685,3685,3708,3719,3720,3722,3728,3731,3742,3777,3801,3805,3806,3806,3808,3859,3886,3894,3897,3920,3927,3947,3950,4064,4099,4099,4137,4140,4151,4212,4213,4223,4227,4234,4266,4282,4311,4312,4373,4414,4429,4445,4478,4487,4504,4507,4515,4516,4533,4547,4551,4567,4584,4595,4596,4611,4646,4652,4655,4655,4671,4749,4749,4765,4774,4774,4775,4804,4805,4832,4835,4844,4847,4881,4910,4957,4968,4978,4983,4998,4999,5014,5032,5036,5037,5038,5058,5061,5063,5072,5091,5093,5116,5117,5183,5186,5192,5204,5209,5227,5240,5252,5252,5260,5273,5313,5330,5340,5351,5354,5403,5403,5411,5413,5425,5430,5436,5437,5455,5487,5496,5504,5504,5519,5521,5534,5541,5577,5589,5612,5623,5623,5645,5645,5652,5686,5692,5698,5723,5735,5753,5767,5777,5778,5779,5780,5789,5790,5790,5794,5802,5820,5861,5899,5906,5932,5943,5968,5979,5983,5990,6027,6032,6046,6048,6055,6071,6088,6089,6117,6126,6126,6128,6134,6166,6184,6186,6188,6189,6214,6230,6240,6244,6297,6326,6348,6371,6392,6396,6396,6396,6400,6424,6434,6461,6519,6533,6535,6548,6557,6570,6570,6577,6615,6653,6666,6667,6691,6696,6697,6698,6701,6712,6716,6740,6743,6745,6756,6760,6763,6773,6804,6819,6820,6869,6874,6906,6965,6977,6980,6980,7019,7030,7031,7038,7048,7048,7085,7113,7125,7199,7207,7207,7223,7234,7276,7328,7333,7335,7342,7353,7382,7382,7443,7447,7448,7491,7512,7519,7519,7528,7542,7542,7562,7572,7579,7588,7589,7589,7592,7604,7614,7618,7646,7668,7671,7698,7714,7727,7732,7736,7815,7815,7823,7828,7846,7880,7907,7914,7975,7985,8025,8084,8152,8157,8166,8188,8205,8211,8228,8305,8356,8356,8416,8416,8420,8425,8430,8448,8455,8465,8465,8465,8474,8474,8481,8483,8490,8515,8523,8524,8526,8528,8530,8536,8540,8546,8563,8570,8572,8587,8597,8598,8674,8728,8743,8743,8756,8806,8824,8830,8835,8835,8856,8877,8881,8911,8916,8942,8949,8982,9024,9029,9043,9044,9082,9083,9085,9085,9086,9088,9090,9104,9120,9157,9159,9170,9200,9208,9275,9294,9314,9314,9326,9342,9374,9375,9413,9432,9443,9457,9467,9474,9489,9501,9516,9534,9564,9593,9596,9599,9611,9615,9636,9639,9640,9641,9649,9653,9677,9683,9689,9693,9701,9712,9730,9732,9764,9784,9792,9796,9811,9812,9821,9830,9836,9842,9884,9895,9896,9897,9910,9936;661
there;132,133,206,211,234,372,431,483,490,545,561,562,563,564,565,585,592,594,596,600,602,623,693,699,790,805,834,847,851,894,895,928,931,982,1006,1073,1109,1120,1141,1191,1239,1276,1284,1304,1324,1344,1345,1367,1369,1373,1376,1394,1395,1395,1442,1443,1444,1445,1446,1447,1448,1449,1456,1457,1464,1470,1477,1544,1556,1622,1630,1644,1668,1668,1759,1780,1789,2102,2145,2158,2172,2190,2193,2275,2325,2460,2464,2487,2488,2523,2571,2659,2665,2678,2699,2759,2831,2857,2886,2905,3063,3087,3115,3116,3118,3119,3120,3136,3168,3188,3212,3217,3223,3257,3263,3275,3291,3292,3293,3294,3295,3372,3411,3411,3415,3417,3472,3627,3629,3685,3736,3737,3740,3762,3789,3837,3850,3861,3879,3880,3881,3882,3882,3955,3977,3980,3982,3982,4006,4019,4119,4124,4131,4143,4204,4208,4220,4235,4277,4277,4293,4334,4367,4404,4509,4667,4827,4865,4920,4956,4957,5022,5041,5102,5175,5203,5212,5290,5354,5407,5427,5431,5436,5465,5514,5578,5621,5638,5657,5675,5701,5770,5801,5824,5825,5836,5899,6034,6198,6206,6269,6317,6331,6339,6403,6409,6466,6486,6494,6522,6538,6573,6574,6575,6575,6603,6607,6611,6710,6791,6804,6853,6856,6877,6959,6973,7095,7102,7231,7576,7585,7699,7765,7791,7913,7937,7941,7954,7983,8028,8041,8056,8082,8131,8164,8259,8290,8320,8320,8382,8410,8487,8593,8617,8683,8754,8811,8868,8890,8920,8943,8943,8991,9034,9198,9226,9263,9269,9295,9355,9381,9382,9382,9399,9431,9471,9498,9534,9539,9558,9562,9574,9598,9622,9624,9635,9642,9654,9664,9667,9689,9709,9710,9712,9768,9789,9791,9884,9884,9887,9943;301
they;4,4,6,12,70,80,86,96,109,130,131,135,248,249,256,260,265,295,298,317,317,348,351,379,382,386,390,414,414,414,443,466,484,493,512,512,517,557,568,569,569,570,570,570,571,572,590,590,594,606,606,692,694,709,738,755,769,789,789,814,820,820,833,836,836,840,861,870,887,898,910,912,922,956,956,956,968,981,984,1046,1054,1071,1081,1115,1123,1125,1135,1138,1148,1159,1169,1169,1169,1170,1170,1215,1253,1282,1282,1294,1296,1298,1301,1304,1310,1316,1316,1334,1341,1343,1351,1351,1351,1395,1400,1410,1414,1421,1422,1431,1437,1443,1457,1457,1458,1459,1490,1502,1594,1605,1613,1636,1647,1656,1666,1669,1686,1708,1782,1792,1834,1835,1836,1846,1869,1888,1915,1959,1978,1992,2027,2049,2066,2077,2104,2109,2121,2122,2128,2148,2151,2168,2172,2177,2188,2215,2269,2269,2275,2284,2350,2358,2392,2392,2393,2399,2414,2426,2427,2439,2443,2443,2459,2468,2469,2490,2525,2527,2539,2559,2559,2638,2652,2654,2685,2699,2706,2779,2796,2814,2814,2849,2884,2896,2908,2949,2960,2985,3044,3045,3055,3073,3102,3114,3114,3126,3180,3194,3194,3204,3211,3215,3215,3247,3248,3258,3294,3298,3299,3356,3357,3360,3371,3383,3385,3397,3397,3400,3441,3482,3498,3498,3522,3525,3525,3536,3539,3561,3561,3561,3609,3609,3612,3638,3660,3688,3699,3703,3711,3720,3728,3785,3789,3821,3821,3843,3859,3884,3892,3894,3907,3932,4058,4089,4182,4205,4227,4257,4263,4279,4282,4303,4355,4357,4614,4643,4671,4733,4774,4790,4819,4844,4853,4879,4889,4897,4904,4939,5003,5013,5046,5063,5063,5085,5093,5107,5107,5127,5181,5183,5199,5209,5280,5313,5313,5331,5355,5355,5361,5376,5380,5402,5403,5403,5418,5430,5435,5492,5565,5572,5589,5602,5643,5673,5682,5691,5691,5722,5723,5728,5731,5735,5736,5736,5745,5787,5788,5788,5791,5800,5805,5818,5818,5823,5835,5856,5867,5887,5899,5906,5906,5912,5954,6008,6048,6048,6062,6069,6069,6069,6069,6100,6113,6207,6230,6266,6280,6280,6297,6305,6326,6378,6390,6400,6406,6410,6486,6488,6513,6525,6525,6533,6533,6542,6559,6565,6631,6640,6659,6728,6759,6849,6865,6885,6886,6935,6960,6974,6993,7012,7063,7065,7065,7085,7085,7089,7089,7094,7121,7121,7141,7141,7168,7207,7235,7239,7239,7280,7290,7294,7325,7334,7353,7377,7403,7419,7419,7437,7443,7481,7483,7493,7497,7560,7562,7572,7589,7604,7604,7613,7671,7700,7706,7716,7744,7744,7766,7767,7780,7784,7789,7794,7814,7829,7841,7880,7884,7899,7912,7920,7927,7933,7962,7964,8020,8020,8033,8041,8066,8083,8148,8164,8165,8186,8198,8211,8226,8226,8228,8231,8268,8273,8310,8314,8338,8365,8453,8455,8462,8474,8475,8480,8480,8480,8480,8493,8504,8505,8512,8536,8536,8540,8542,8547,8554,8556,8559,8589,8655,8666,8666,8688,8817,8828,8835,8847,8864,8868,8873,8877,8884,8941,8943,8951,8954,8956,9020,9024,9039,9053,9067,9068,9080,9087,9134,9142,9145,9170,9208,9243,9243,9243,9258,9283,9294,9299,9342,9383,9383,9383,9432,9432,9438,9438,9451,9461,9461,9467,9479,9490,9557,9586,9596,9596,9602,9610,9610,9610,9611,9611,9615,9616,9617,9619,9625,9664,9668,9705,9712,9713,9717,9730,9770,9779,9795,9795,9821,9825,9851,9881,9887,9892,9897,9952,9959;605
Them;8886;1
Theme;5239;1
them;109,109,188,248,274,277,298,342,342,467,489,685,692,760,791,814,842,850,863,932,972,1102,1108,1136,1153,1235,1253,1320,1479,1502,1505,1545,1556,1604,1645,1765,1826,1829,1833,1848,1864,1938,2047,2104,2201,2312,2326,2330,2358,2382,2382,2399,2490,2528,2552,2577,2628,2638,2688,2696,2706,2708,2719,2875,2911,2977,3014,3047,3051,3070,3154,3154,3188,3204,3215,3220,3236,3257,3311,3321,3321,3346,3366,3390,3528,3567,3571,3607,3630,3685,3711,3751,3821,3847,3902,3920,3920,3962,3977,3981,4021,4046,4060,4108,4151,4154,4299,4354,4371,4373,4380,4387,4415,4505,4514,4515,4654,4655,4677,4764,4781,4869,4931,4965,4968,4977,5059,5088,5092,5244,5252,5280,5352,5496,5526,5606,5652,5682,5686,5698,5735,5737,5737,5752,5753,5812,5868,5941,5954,6027,6039,6055,6213,6214,6266,6286,6305,6330,6371,6404,6486,6510,6522,6527,6534,6591,6591,6610,6623,6624,6644,6660,6694,6698,6812,6839,6866,6897,6979,6981,6989,7045,7130,7141,7166,7216,7235,7382,7382,7382,7392,7431,7443,7563,7621,7634,7706,7715,7830,7938,8017,8041,8041,8092,8118,8149,8152,8160,8318,8358,8426,8473,8476,8550,8550,8688,8703,8743,8854,8884,8891,8901,8942,8945,9014,9054,9078,9126,9126,9204,9227,9290,9294,9335,9350,9381,9414,9418,9452,9506,9617,9705,9713,9717,9780,9873,9888,9891,9892,9935;250
theme;143,3285,5123,5357,8192,8231,8646,8819,9818;9
Things;8606;1
things;928,1093,1221,1435,1450,1453,1915,2169,2505,2786,2923,3087,3148,3184,3185,3200,3400,3401,3421,3892,4071,4157,4167,4781,5274,5317,5463,5466,5470,5576,5732,5794,5797,6279,6319,6409,6479,6493,6591,6767,7421,7569,7948,7958,7964,8000,8041,8135,8394,8475,8504,8601,8724,8743,8868,8983,9279,9378,9618,9739;60
thinks;842,1343,2903,3625,3676,4948,5122,5128,8620;9
Trail;2644,4610,5029,5201,5201,6754,7114;7
Trial;;0
trail;3944,5635,6568,7037,8025,8346,8983,9696,9916;9
trial;50,979,1380,2001,2637,3075,3339,4655,5529,6289,6612,7192,7739,7850,8043,8353,9430,9500;18
Three;1253,4738,6155,8888,8889,8890,8891,9843;8
Tree;;0
three;13,171,186,193,206,236,279,337,338,341,405,418,430,454,561,696,747,879,939,1096,1230,1253,1274,1307,1466,1507,1536,1683,1684,1709,1723,1747,1760,1825,1828,1843,1871,1893,1919,1926,1947,2008,2026,2044,2187,2296,2348,2569,2649,2651,2768,2788,2796,2815,2951,2985,2988,2990,3049,3171,3449,3527,3530,3556,3616,3627,3628,3680,3702,3722,3740,3763,3984,4029,4043,4045,4105,4213,4345,4367,4416,4461,4489,4543,4634,4824,4851,4887,4991,5004,5004,5013,5132,5134,5227,5338,5453,5533,5577,5649,5656,5658,5813,5885,5892,5949,6042,6148,6211,6295,6346,6376,6456,6463,6703,6712,6735,6834,6941,7033,7092,7138,7167,7310,7401,7535,7536,7576,7615,7727,7788,7870,7908,7965,7991,8094,8107,8121,8132,8227,8269,8325,8326,8327,8327,8328,8393,8435,8499,8603,8638,8691,8840,8989,9094,9104,9125,9142,9351,9476,9563,9618,9765,9835;164
tree;402,1763,1966,3499,4988,5727,5799,5884,6611,8273,8313,8661;12
To;1173,2686,2987,4559,8843,8920,8921,8922,8923,8924,8925,8926,8927,8936,8937,8938,8939,8942,8943,8944,8945,8946,8950,8951,8955,8960,8961,8967,8968,8970,8976,8977;32
Too;8959;1
Two;123,1678,2086,4510,5322,9019,9020,9021,9022,9023,9024,9025,9026,9027,9028,9029,9030,9031,9032,9033,9034,9035,9036,9037,9038;25
to;1,5,11,12,14,15,15,16,21,22,24,27,27,28,29,31,31,34,34,34,35,35,45,47,48,49,50,51,51,51,52,53,53,53,54,54,54,55,55,56,57,58,59,60,60,61,61,61,62,63,63,64,64,65,66,67,68,69,69,70,70,71,71,72,72,72,72,73,74,75,75,75,76,77,78,79,79,79,80,81,81,82,82,82,82,82,83,84,84,85,85,85,86,87,88,88,88,89,89,90,91,91,92,92,93,94,94,95,96,97,98,99,100,102,103,107,108,109,110,110,111,112,112,112,115,117,118,123,124,125,129,132,134,134,136,137,139,140,142,147,151,154,156,158,159,160,162,164,165,165,169,176,177,178,179,179,180,180,181,185,186,188,189,189,191,192,194,197,200,202,202,204,206,207,207,209,211,211,212,214,217,218,220,221,222,224,226,226,227,227,228,228,230,231,232,233,235,237,238,241,243,244,244,245,245,247,248,248,249,250,250,252,252,252,255,256,256,259,262,263,264,265,265,266,267,267,268,268,269,269,272,273,274,274,276,278,278,280,280,283,284,286,287,287,291,294,295,295,301,304,305,306,307,308,309,312,313,313,318,322,323,324,325,325,325,325,327,329,338,339,341,341,342,342,343,349,349,355,355,357,359,364,364,364,366,366,367,368,370,373,376,380,382,382,384,386,388,390,390,391,392,392,393,400,404,404,406,406,408,412,414,414,420,424,424,427,432,433,435,435,435,437,438,438,439,440,442,444,447,450,450,450,451,452,455,460,460,461,464,464,467,467,470,470,471,471,471,472,472,473,476,477,478,481,481,487,492,493,494,500,506,506,507,509,510,512,514,516,518,521,525,528,530,530,533,536,537,537,540,540,541,544,545,546,548,551,553,554,556,558,559,560,562,565,569,576,576,578,579,580,582,584,585,590,592,592,596,596,597,597,599,600,601,602,604,604,606,607,609,610,610,614,615,616,620,622,624,625,628,630,632,634,634,637,638,640,652,653,655,658,661,674,676,676,677,678,685,685,685,686,687,688,689,691,692,701,704,705,705,706,706,709,710,711,712,712,717,718,719,725,729,729,731,731,731,733,734,736,737,738,739,739,740,741,744,745,745,746,747,748,748,751,752,752,754,755,755,756,757,762,766,771,771,772,779,779,780,781,783,785,788,789,790,790,791,791,791,793,799,799,800,801,802,804,805,805,806,807,811,813,814,814,815,816,816,816,821,823,824,824,825,827,828,829,829,829,829,830,834,842,842,842,843,844,845,845,845,846,848,849,850,850,850,850,855,855,859,860,860,860,861,861,862,863,866,869,871,872,872,874,875,875,877,881,882,884,884,886,887,887,887,887,890,891,896,896,897,897,898,902,902,907,908,910,910,913,913,914,915,915,916,916,916,917,922,923,925,926,926,927,927,928,928,930,932,932,934,935,935,935,939,940,944,947,947,948,949,951,960,961,963,969,972,980,981,981,982,983,983,984,985,985,987,988,989,989,990,991,991,991,995,995,998,999,1004,1005,1005,1006,1010,1011,1015,1017,1020,1021,1021,1023,1024,1024,1029,1032,1033,1039,1041,1041,1042,1043,1043,1046,1048,1049,1053,1053,1054,1057,1058,1059,1060,1064,1068,1071,1077,1078,1078,1079,1080,1080,1081,1081,1082,1082,1088,1093,1095,1098,1100,1103,1104,1104,1108,1108,1113,1115,1117,1119,1119,1120,1123,1123,1123,1128,1128,1132,1135,1138,1138,1138,1142,1144,1148,1151,1153,1154,1156,1159,1159,1164,1164,1166,1170,1176,1176,1177,1179,1180,1180,1181,1182,1182,1182,1183,1187,1190,1190,1190,1190,1195,1196,1198,1202,1202,1203,1206,1207,1209,1210,1213,1213,1219,1230,1230,1231,1232,1235,1235,1237,1237,1239,1243,1244,1246,1248,1250,1254,1257,1260,1262,1263,1263,1263,1265,1270,1276,1277,1280,1282,1282,1282,1282,1282,1286,1288,1289,1290,1293,1293,1296,1297,1299,1300,1301,1301,1301,1302,1302,1305,1305,1307,1313,1315,1315,1316,1316,1316,1316,1317,1320,1321,1324,1324,1328,1333,1333,1340,1346,1347,1351,1352,1352,1353,1353,1358,1359,1360,1360,1364,1366,1373,1380,1381,1381,1382,1383,1383,1384,1387,1390,1392,1394,1395,1396,1397,1397,1399,1402,1408,1410,1410,1410,1410,1414,1417,1418,1421,1423,1425,1425,1426,1427,1427,1428,1431,1431,1432,1432,1439,1440,1443,1443,1443,1443,1455,1456,1463,1464,1464,1465,1466,1467,1468,1470,1476,1480,1480,1482,1482,1486,1487,1490,1490,1493,1494,1498,1499,1502,1502,1502,1503,1505,1506,1506,1506,1508,1511,1511,1512,1526,1526,1530,1531,1534,1535,1537,1537,1540,1544,1547,1549,1553,1554,1555,1556,1557,1570,1572,1573,1575,1576,1579,1581,1582,1583,1586,1589,1592,1592,1593,1595,1595,1596,1597,1603,1604,1605,1606,1607,1607,1608,1608,1608,1609,1610,1613,1613,1619,1623,1624,1625,1626,1627,1628,1629,1630,1633,1634,1639,1641,1643,1644,1644,1644,1647,1651,1653,1654,1656,1659,1659,1661,1662,1662,1670,1670,1670,1670,1671,1675,1676,1680,1682,1683,1686,1688,1691,1691,1692,1693,1694,1694,1694,1697,1700,1707,1708,1708,1708,1709,1709,1710,1710,1710,1711,1712,1720,1724,1725,1727,1732,1732,1733,1735,1736,1739,1741,1743,1745,1749,1750,1751,1752,1753,1756,1759,1759,1761,1762,1767,1767,1778,1778,1782,1782,1784,1788,1788,1789,1789,1791,1791,1792,1792,1793,1799,1803,1808,1811,1816,1816,1817,1823,1824,1829,1833,1836,1836,1843,1844,1846,1849,1849,1850,1856,1856,1858,1859,1860,1861,1864,1866,1867,1868,1868,1868,1870,1871,1872,1876,1884,1886,1887,1888,1891,1891,1891,1892,1892,1898,1899,1902,1908,1910,1911,1912,1913,1914,1916,1917,1921,1922,1922,1922,1928,1929,1929,1941,1951,1954,1954,1954,1956,1956,1961,1961,1962,1963,1964,1964,1964,1964,1964,1965,1966,1971,1972,1972,1972,1974,1976,1976,1980,1981,1982,1984,1986,1986,1993,1994,1994,1995,1997,2011,2012,2012,2014,2014,2015,2018,2020,2023,2023,2024,2024,2027,2030,2031,2032,2034,2037,2038,2039,2040,2040,2042,2047,2048,2049,2051,2053,2056,2058,2064,2068,2068,2070,2071,2071,2071,2072,2076,2077,2080,2082,2087,2091,2092,2092,2092,2095,2102,2105,2107,2110,2113,2117,2117,2117,2118,2118,2118,2120,2122,2122,2126,2127,2128,2140,2140,2142,2147,2151,2156,2157,2160,2160,2161,2161,2162,2163,2163,2163,2164,2168,2169,2171,2172,2173,2175,2177,2179,2179,2180,2182,2184,2185,2186,2187,2189,2192,2194,2195,2197,2197,2198,2199,2201,2203,2204,2204,2206,2208,2208,2208,2209,2210,2212,2216,2218,2220,2224,2237,2238,2240,2248,2251,2251,2255,2255,2255,2256,2258,2263,2263,2266,2267,2268,2269,2275,2275,2275,2277,2279,2283,2286,2288,2289,2293,2296,2298,2300,2303,2305,2309,2311,2312,2314,2317,2321,2322,2323,2324,2324,2327,2330,2332,2334,2336,2336,2337,2337,2338,2339,2340,2342,2342,2342,2345,2347,2347,2349,2351,2351,2351,2352,2352,2354,2355,2355,2356,2357,2364,2364,2367,2368,2373,2373,2376,2378,2380,2382,2382,2383,2384,2389,2391,2391,2391,2393,2393,2395,2396,2398,2398,2401,2403,2403,2408,2410,2410,2411,2412,2414,2415,2417,2418,2421,2428,2428,2429,2429,2435,2437,2437,2441,2442,2442,2443,2445,2446,2448,2450,2450,2451,2451,2452,2453,2453,2456,2457,2457,2459,2460,2460,2461,2462,2462,2462,2464,2466,2467,2467,2469,2469,2472,2473,2476,2478,2478,2480,2482,2486,2488,2490,2490,2492,2492,2493,2493,2495,2497,2498,2501,2502,2503,2504,2504,2505,2505,2510,2510,2511,2512,2514,2514,2514,2514,2514,2515,2517,2518,2521,2524,2525,2525,2526,2528,2528,2529,2529,2529,2529,2532,2536,2542,2545,2550,2552,2554,2559,2560,2560,2567,2567,2576,2580,2581,2581,2582,2582,2582,2584,2586,2589,2590,2590,2590,2594,2596,2598,2600,2600,2606,2609,2612,2614,2617,2617,2618,2619,2622,2627,2630,2631,2631,2632,2633,2636,2637,2637,2638,2640,2642,2643,2643,2644,2648,2650,2651,2657,2661,2664,2665,2666,2666,2667,2672,2672,2674,2674,2674,2678,2678,2680,2680,2680,2681,2681,2682,2682,2685,2685,2686,2686,2687,2690,2690,2692,2695,2698,2698,2699,2700,2703,2703,2705,2706,2706,2706,2710,2711,2711,2719,2723,2727,2727,2728,2729,2729,2734,2735,2737,2739,2740,2742,2745,2747,2749,2749,2750,2751,2753,2762,2764,2765,2771,2772,2777,2779,2782,2782,2782,2787,2791,2794,2796,2796,2801,2803,2811,2812,2815,2815,2818,2820,2821,2823,2826,2831,2833,2833,2835,2836,2839,2840,2842,2843,2845,2848,2849,2852,2852,2853,2853,2856,2857,2858,2860,2860,2861,2861,2862,2865,2865,2870,2876,2878,2881,2884,2886,2890,2893,2896,2899,2900,2902,2904,2904,2905,2907,2909,2910,2911,2911,2912,2913,2915,2917,2917,2919,2924,2930,2932,2932,2932,2933,2936,2937,2937,2939,2943,2943,2944,2945,2946,2947,2948,2953,2954,2954,2959,2960,2961,2963,2963,2963,2967,2967,2972,2978,2980,2984,2985,2988,2992,2995,2997,2998,2999,3001,3004,3009,3018,3022,3022,3022,3025,3025,3026,3027,3028,3029,3040,3042,3042,3047,3047,3047,3050,3051,3053,3058,3059,3060,3061,3061,3062,3063,3067,3067,3068,3074,3075,3075,3078,3078,3079,3079,3079,3080,3081,3081,3082,3083,3084,3086,3086,3087,3092,3093,3093,3097,3098,3100,3102,3103,3108,3110,3113,3113,3114,3114,3115,3117,3117,3118,3121,3124,3125,3125,3126,3126,3127,3128,3128,3128,3129,3129,3131,3132,3133,3134,3134,3139,3145,3145,3152,3153,3157,3158,3158,3159,3160,3161,3161,3162,3162,3162,3162,3163,3168,3169,3170,3170,3171,3175,3176,3177,3180,3184,3184,3189,3189,3192,3194,3194,3196,3197,3197,3200,3203,3203,3205,3210,3212,3215,3218,3218,3220,3220,3220,3221,3221,3223,3226,3226,3226,3228,3229,3235,3236,3237,3237,3238,3239,3240,3240,3240,3240,3241,3251,3251,3257,3260,3261,3261,3262,3262,3263,3264,3264,3265,3265,3270,3273,3274,3276,3278,3279,3282,3283,3286,3286,3286,3287,3287,3288,3290,3291,3293,3297,3302,3307,3309,3310,3310,3310,3311,3313,3314,3315,3316,3317,3318,3319,3320,3320,3322,3326,3327,3328,3334,3337,3341,3343,3349,3349,3351,3353,3353,3355,3358,3359,3359,3360,3362,3365,3366,3368,3373,3374,3374,3376,3380,3382,3382,3383,3385,3387,3388,3389,3389,3389,3391,3397,3409,3411,3411,3418,3420,3422,3422,3424,3428,3428,3432,3432,3434,3437,3439,3441,3442,3447,3449,3452,3456,3457,3458,3459,3460,3461,3462,3462,3464,3474,3474,3474,3474,3474,3477,3482,3482,3483,3484,3488,3488,3489,3490,3490,3490,3491,3492,3492,3493,3495,3497,3498,3500,3500,3502,3503,3504,3510,3511,3512,3513,3513,3514,3515,3517,3519,3520,3521,3522,3522,3523,3523,3524,3526,3527,3531,3531,3531,3532,3533,3533,3536,3536,3537,3537,3538,3540,3542,3543,3548,3550,3550,3552,3559,3559,3563,3563,3563,3564,3564,3564,3566,3566,3566,3567,3567,3571,3575,3579,3580,3580,3582,3583,3585,3586,3588,3591,3592,3594,3596,3599,3601,3601,3602,3603,3605,3605,3605,3609,3617,3617,3620,3622,3624,3625,3625,3626,3627,3628,3629,3629,3630,3631,3635,3638,3640,3641,3642,3642,3642,3642,3645,3646,3648,3649,3649,3652,3655,3658,3659,3660,3660,3660,3661,3661,3662,3663,3663,3664,3667,3674,3674,3677,3677,3678,3679,3682,3683,3685,3685,3687,3688,3693,3695,3696,3697,3698,3703,3703,3703,3705,3706,3707,3709,3709,3713,3713,3714,3714,3716,3716,3719,3719,3720,3720,3721,3722,3722,3725,3725,3726,3726,3727,3729,3729,3732,3732,3734,3737,3744,3748,3749,3751,3752,3752,3755,3756,3756,3756,3761,3768,3768,3770,3773,3778,3781,3785,3787,3787,3789,3793,3794,3794,3795,3799,3802,3802,3805,3806,3808,3809,3809,3811,3812,3818,3821,3821,3821,3823,3827,3827,3827,3827,3828,3830,3832,3833,3834,3835,3836,3836,3837,3839,3840,3842,3842,3843,3843,3844,3845,3847,3849,3849,3850,3854,3855,3857,3859,3859,3862,3862,3863,3864,3869,3874,3880,3880,3881,3881,3884,3887,3887,3890,3890,3891,3891,3892,3893,3894,3895,3898,3901,3902,3902,3903,3905,3909,3911,3912,3916,3918,3918,3918,3918,3919,3920,3920,3920,3922,3923,3923,3923,3924,3926,3927,3930,3932,3934,3934,3936,3939,3942,3950,3952,3952,3958,3958,3959,3960,3964,3967,3967,3968,3968,3974,3977,3978,3979,3980,3984,3985,3998,4000,4002,4004,4004,4005,4005,4007,4008,4009,4009,4010,4011,4015,4015,4015,4016,4016,4016,4017,4019,4021,4024,4024,4025,4029,4031,4032,4037,4037,4040,4041,4041,4042,4042,4045,4046,4054,4055,4055,4055,4059,4060,4060,4062,4066,4073,4076,4079,4079,4082,4086,4087,4090,4092,4093,4103,4104,4105,4107,4108,4109,4112,4119,4123,4123,4127,4130,4131,4137,4139,4139,4147,4147,4147,4148,4150,4150,4151,4151,4151,4154,4154,4154,4154,4156,4157,4157,4158,4162,4164,4165,4166,4167,4169,4170,4171,4172,4172,4173,4174,4175,4175,4181,4181,4183,4184,4188,4190,4194,4195,4196,4197,4198,4198,4202,4204,4206,4208,4208,4210,4211,4213,4218,4219,4220,4222,4223,4225,4225,4227,4227,4227,4231,4233,4234,4235,4235,4236,4240,4240,4241,4244,4246,4249,4256,4256,4257,4257,4257,4258,4260,4260,4262,4262,4263,4264,4265,4266,4267,4270,4271,4271,4273,4274,4275,4275,4276,4276,4277,4277,4277,4277,4278,4279,4281,4283,4290,4292,4294,4294,4299,4301,4303,4305,4311,4312,4314,4316,4318,4320,4323,4324,4325,4325,4325,4329,4331,4332,4332,4332,4335,4335,4337,4338,4338,4339,4340,4341,4345,4345,4350,4351,4355,4355,4356,4356,4358,4358,4360,4363,4373,4374,4374,4375,4376,4377,4378,4379,4379,4380,4380,4381,4388,4391,4392,4393,4394,4396,4397,4398,4401,4404,4407,4408,4408,4410,4413,4413,4414,4415,4418,4418,4419,4419,4420,4421,4423,4426,4427,4427,4430,4433,4435,4435,4435,4435,4436,4437,4440,4442,4447,4450,4450,4455,4457,4457,4459,4460,4462,4465,4471,4472,4472,4472,4473,4474,4475,4476,4481,4481,4483,4483,4485,4489,4490,4491,4493,4495,4499,4502,4504,4504,4505,4508,4509,4510,4511,4514,4516,4517,4517,4520,4525,4531,4532,4533,4533,4535,4536,4537,4537,4542,4543,4544,4550,4552,4554,4556,4556,4557,4559,4560,4563,4568,4571,4573,4573,4577,4583,4584,4585,4585,4586,4589,4590,4590,4590,4591,4593,4596,4597,4598,4603,4604,4604,4605,4607,4613,4622,4626,4630,4630,4632,4634,4635,4639,4639,4641,4641,4641,4643,4643,4647,4647,4653,4654,4655,4657,4659,4660,4663,4664,4665,4666,4667,4669,4670,4671,4677,4681,4683,4683,4684,4685,4685,4685,4685,4693,4697,4697,4698,4700,4700,4702,4703,4704,4706,4708,4710,4718,4722,4726,4728,4730,4734,4735,4735,4736,4737,4739,4739,4741,4744,4745,4749,4756,4757,4759,4759,4762,4762,4763,4763,4764,4764,4765,4766,4769,4773,4776,4780,4781,4781,4782,4791,4793,4797,4799,4799,4804,4804,4805,4805,4805,4810,4812,4813,4813,4814,4816,4817,4818,4820,4820,4820,4822,4822,4825,4827,4828,4829,4829,4831,4832,4833,4835,4839,4843,4844,4844,4845,4853,4853,4855,4858,4861,4864,4868,4872,4874,4875,4878,4880,4882,4885,4889,4890,4891,4892,4892,4894,4897,4898,4899,4899,4903,4903,4904,4909,4909,4911,4912,4913,4914,4916,4916,4919,4921,4921,4923,4923,4925,4925,4927,4930,4931,4935,4935,4935,4937,4939,4944,4946,4947,4952,4952,4953,4956,4956,4957,4959,4960,4960,4961,4963,4965,4967,4968,4968,4968,4970,4971,4971,4973,4978,4981,4989,4991,4993,4993,4997,4998,4999,5001,5001,5001,5002,5003,5005,5015,5017,5017,5017,5018,5021,5026,5031,5032,5033,5036,5037,5038,5043,5043,5044,5045,5046,5051,5051,5051,5055,5058,5059,5060,5061,5065,5068,5070,5071,5073,5074,5075,5078,5079,5079,5083,5083,5086,5086,5086,5087,5088,5090,5090,5092,5093,5094,5096,5098,5098,5099,5100,5100,5102,5102,5106,5107,5113,5117,5120,5123,5123,5124,5126,5130,5132,5134,5134,5136,5139,5143,5145,5148,5152,5153,5157,5159,5163,5164,5168,5168,5169,5174,5174,5174,5178,5179,5179,5180,5181,5185,5186,5186,5186,5189,5189,5190,5190,5192,5193,5194,5199,5200,5201,5202,5204,5204,5207,5208,5209,5212,5213,5213,5217,5218,5222,5222,5223,5225,5226,5227,5229,5232,5236,5237,5239,5244,5245,5248,5248,5251,5252,5257,5260,5261,5261,5265,5267,5268,5269,5275,5278,5280,5289,5292,5297,5298,5298,5299,5299,5299,5302,5306,5309,5310,5316,5323,5324,5324,5324,5326,5327,5327,5329,5331,5335,5335,5340,5341,5344,5345,5350,5350,5350,5351,5351,5354,5355,5357,5358,5358,5360,5360,5361,5361,5366,5367,5369,5370,5378,5378,5378,5380,5382,5389,5390,5391,5391,5393,5398,5399,5399,5399,5401,5403,5403,5403,5408,5412,5412,5416,5416,5416,5417,5422,5424,5425,5426,5427,5428,5431,5432,5433,5433,5434,5435,5436,5439,5442,5442,5442,5446,5446,5447,5447,5449,5451,5457,5458,5458,5462,5467,5470,5473,5475,5482,5483,5487,5488,5491,5492,5493,5499,5499,5499,5502,5502,5503,5504,5509,5518,5522,5522,5522,5528,5530,5531,5535,5540,5542,5542,5543,5545,5546,5546,5548,5548,5553,5557,5558,5571,5573,5579,5582,5582,5585,5586,5588,5589,5593,5595,5595,5596,5599,5599,5601,5602,5610,5611,5611,5611,5612,5612,5616,5617,5618,5622,5623,5625,5630,5631,5632,5633,5637,5639,5641,5643,5645,5645,5646,5649,5649,5650,5652,5656,5656,5658,5660,5660,5660,5662,5671,5671,5671,5672,5677,5680,5681,5682,5682,5683,5686,5686,5686,5686,5688,5688,5692,5693,5694,5698,5700,5701,5704,5704,5704,5704,5710,5711,5712,5715,5717,5719,5720,5723,5727,5731,5732,5732,5732,5735,5735,5736,5741,5744,5746,5747,5749,5752,5753,5756,5757,5759,5760,5761,5762,5763,5764,5764,5767,5773,5777,5778,5779,5780,5786,5788,5788,5789,5790,5791,5792,5792,5792,5792,5793,5793,5797,5798,5801,5802,5805,5805,5805,5808,5809,5812,5813,5815,5818,5820,5822,5823,5825,5834,5838,5838,5840,5841,5844,5846,5848,5852,5856,5856,5858,5858,5858,5859,5861,5864,5864,5864,5866,5866,5869,5869,5872,5872,5872,5875,5876,5879,5880,5882,5884,5885,5885,5886,5887,5888,5894,5897,5898,5901,5905,5905,5908,5916,5916,5918,5922,5922,5926,5927,5932,5934,5937,5938,5941,5947,5948,5948,5948,5951,5954,5954,5955,5957,5958,5960,5960,5960,5960,5961,5963,5964,5965,5966,5968,5974,5975,5975,5977,5978,5978,5980,5981,5986,5987,5987,5988,5996,5998,5999,6000,6002,6004,6004,6006,6012,6012,6017,6023,6024,6027,6027,6028,6029,6030,6030,6030,6031,6039,6039,6039,6040,6040,6041,6041,6043,6045,6048,6048,6050,6050,6052,6053,6059,6064,6065,6065,6066,6069,6069,6071,6074,6077,6081,6085,6085,6088,6089,6090,6096,6097,6099,6100,6101,6105,6113,6117,6118,6121,6122,6123,6123,6123,6123,6123,6124,6124,6126,6127,6128,6137,6137,6146,6147,6147,6153,6154,6155,6155,6157,6161,6163,6164,6171,6171,6175,6176,6183,6183,6184,6184,6185,6189,6189,6190,6195,6196,6196,6198,6201,6204,6204,6205,6205,6206,6206,6206,6207,6207,6207,6207,6208,6210,6211,6211,6213,6215,6215,6218,6219,6219,6220,6227,6228,6231,6234,6235,6237,6240,6243,6244,6245,6248,6263,6263,6266,6266,6269,6269,6269,6272,6273,6278,6279,6279,6280,6281,6281,6282,6284,6284,6285,6286,6286,6287,6289,6289,6289,6291,6293,6296,6296,6296,6296,6298,6298,6300,6300,6301,6303,6305,6305,6307,6308,6310,6315,6316,6321,6321,6326,6326,6328,6329,6330,6330,6331,6333,6333,6336,6338,6338,6339,6340,6341,6342,6343,6343,6348,6352,6355,6355,6356,6357,6358,6358,6360,6361,6365,6366,6366,6368,6368,6370,6371,6372,6372,6380,6388,6391,6391,6392,6397,6398,6398,6398,6399,6400,6401,6408,6410,6411,6413,6414,6418,6420,6421,6423,6424,6425,6426,6428,6428,6430,6430,6432,6432,6435,6437,6437,6439,6440,6442,6445,6448,6456,6457,6457,6458,6458,6463,6465,6466,6468,6469,6469,6472,6474,6482,6486,6487,6491,6492,6497,6498,6498,6500,6502,6503,6507,6508,6508,6510,6510,6515,6516,6517,6518,6524,6526,6529,6532,6533,6533,6534,6537,6538,6539,6541,6543,6544,6554,6555,6555,6558,6563,6563,6568,6569,6572,6577,6577,6585,6585,6585,6585,6586,6588,6589,6590,6591,6591,6591,6596,6599,6603,6603,6604,6607,6607,6608,6608,6608,6608,6609,6610,6610,6614,6615,6619,6622,6622,6623,6623,6631,6631,6633,6633,6636,6645,6647,6648,6650,6650,6652,6653,6660,6663,6663,6663,6663,6666,6667,6669,6675,6678,6679,6680,6683,6684,6690,6691,6691,6691,6695,6698,6699,6702,6705,6708,6710,6712,6712,6714,6716,6721,6721,6726,6728,6729,6732,6736,6745,6746,6748,6749,6749,6752,6755,6756,6756,6759,6759,6760,6761,6763,6763,6767,6768,6773,6773,6774,6777,6779,6779,6785,6787,6789,6789,6789,6790,6791,6791,6792,6795,6799,6801,6802,6803,6814,6815,6816,6816,6820,6822,6824,6827,6830,6830,6831,6833,6834,6834,6836,6839,6839,6841,6845,6848,6855,6856,6861,6861,6863,6865,6866,6866,6866,6867,6867,6868,6876,6876,6877,6877,6880,6881,6881,6881,6883,6883,6884,6887,6888,6889,6894,6895,6898,6901,6903,6904,6904,6907,6908,6910,6911,6913,6917,6918,6921,6927,6928,6929,6930,6930,6935,6940,6943,6947,6950,6952,6953,6955,6960,6960,6961,6962,6963,6965,6966,6973,6973,6975,6978,6979,6979,6980,6981,6982,6984,6985,6986,6988,6989,6992,6993,6999,7001,7001,7005,7007,7008,7010,7011,7011,7013,7014,7015,7016,7018,7018,7019,7020,7020,7021,7022,7024,7027,7028,7032,7042,7044,7047,7049,7049,7055,7057,7057,7059,7063,7065,7066,7067,7068,7068,7073,7073,7076,7077,7084,7084,7087,7088,7089,7090,7092,7093,7094,7099,7099,7100,7101,7101,7103,7103,7106,7115,7115,7116,7119,7121,7124,7129,7130,7130,7134,7138,7138,7141,7141,7144,7146,7147,7152,7153,7154,7157,7157,7160,7162,7162,7163,7163,7165,7165,7166,7166,7167,7167,7173,7178,7179,7183,7188,7188,7191,7191,7199,7199,7199,7199,7199,7199,7200,7200,7200,7201,7204,7210,7211,7214,7215,7218,7220,7226,7227,7227,7230,7231,7231,7231,7234,7235,7239,7239,7239,7241,7245,7251,7259,7259,7260,7262,7265,7269,7273,7273,7275,7279,7282,7293,7298,7304,7305,7306,7308,7310,7313,7313,7313,7313,7317,7317,7320,7322,7322,7323,7324,7325,7326,7327,7329,7329,7330,7330,7331,7333,7333,7335,7335,7336,7337,7339,7339,7341,7343,7348,7348,7349,7349,7354,7358,7359,7362,7362,7363,7379,7380,7381,7382,7386,7387,7387,7388,7391,7391,7393,7393,7397,7401,7401,7403,7403,7404,7407,7411,7412,7414,7415,7416,7419,7430,7435,7435,7438,7442,7443,7444,7444,7445,7445,7445,7446,7447,7448,7449,7450,7450,7451,7451,7452,7452,7454,7455,7455,7455,7457,7457,7457,7459,7462,7462,7463,7465,7465,7466,7467,7470,7479,7479,7484,7488,7490,7490,7491,7493,7497,7497,7499,7509,7515,7516,7519,7520,7524,7525,7525,7534,7535,7535,7535,7536,7536,7536,7537,7537,7542,7549,7549,7554,7556,7556,7557,7558,7562,7564,7568,7569,7571,7574,7574,7576,7577,7584,7584,7586,7586,7589,7589,7589,7590,7591,7593,7594,7597,7597,7597,7597,7602,7602,7602,7602,7608,7609,7611,7616,7618,7619,7620,7621,7624,7624,7624,7625,7628,7629,7630,7631,7634,7634,7637,7638,7640,7643,7643,7644,7645,7655,7656,7656,7659,7660,7662,7663,7665,7665,7666,7667,7667,7668,7668,7668,7669,7671,7671,7674,7674,7676,7676,7676,7676,7676,7677,7679,7681,7683,7685,7688,7691,7692,7694,7697,7700,7701,7704,7705,7706,7706,7707,7707,7709,7709,7709,7710,7710,7711,7713,7714,7715,7718,7719,7721,7722,7723,7724,7724,7727,7727,7729,7730,7731,7732,7732,7733,7733,7735,7739,7739,7739,7740,7744,7747,7753,7754,7756,7757,7757,7760,7761,7762,7763,7764,7766,7769,7773,7774,7775,7776,7781,7784,7789,7789,7791,7794,7794,7794,7797,7800,7803,7808,7808,7809,7812,7814,7817,7819,7821,7824,7826,7827,7828,7828,7830,7830,7831,7833,7837,7837,7838,7839,7843,7844,7849,7850,7852,7854,7857,7857,7859,7860,7861,7863,7863,7867,7867,7867,7871,7873,7873,7882,7887,7887,7889,7890,7892,7893,7897,7898,7901,7902,7902,7906,7910,7912,7913,7913,7918,7920,7920,7921,7922,7924,7926,7928,7929,7938,7939,7940,7946,7949,7949,7949,7950,7951,7955,7956,7958,7958,7959,7962,7962,7967,7971,7972,7973,7975,7976,7977,7979,7979,7980,7981,7981,7982,7986,7991,7995,7997,7998,7999,8000,8001,8001,8002,8006,8009,8010,8012,8013,8013,8013,8016,8018,8022,8024,8038,8039,8041,8045,8046,8046,8049,8050,8052,8057,8066,8068,8068,8070,8072,8073,8074,8078,8078,8080,8083,8084,8084,8084,8084,8085,8085,8088,8094,8095,8097,8098,8098,8099,8101,8102,8102,8104,8107,8109,8110,8110,8111,8116,8118,8119,8121,8123,8123,8126,8126,8127,8130,8131,8134,8134,8134,8134,8141,8142,8146,8147,8151,8152,8153,8155,8156,8156,8156,8157,8158,8158,8160,8162,8163,8163,8164,8164,8166,8167,8167,8167,8174,8176,8176,8177,8183,8186,8186,8188,8189,8192,8193,8194,8197,8197,8204,8209,8209,8209,8209,8211,8214,8215,8218,8220,8222,8223,8224,8227,8228,8230,8231,8234,8235,8236,8238,8242,8244,8247,8250,8262,8265,8266,8271,8272,8273,8273,8280,8284,8285,8287,8288,8289,8289,8290,8299,8300,8300,8300,8303,8307,8309,8312,8314,8316,8318,8319,8320,8325,8328,8340,8341,8342,8344,8344,8345,8345,8345,8345,8346,8346,8354,8355,8356,8357,8359,8364,8367,8367,8371,8374,8374,8375,8379,8379,8380,8382,8387,8389,8390,8393,8395,8395,8395,8396,8398,8402,8404,8409,8409,8410,8410,8412,8413,8413,8414,8416,8420,8420,8422,8422,8422,8424,8425,8426,8426,8430,8432,8435,8442,8445,8448,8450,8458,8465,8466,8466,8467,8468,8469,8470,8471,8471,8472,8473,8474,8477,8477,8477,8478,8480,8480,8481,8481,8485,8486,8487,8487,8489,8495,8496,8498,8500,8501,8502,8506,8507,8510,8510,8511,8512,8512,8515,8516,8516,8517,8517,8518,8521,8522,8525,8526,8530,8530,8531,8533,8534,8538,8540,8540,8540,8544,8545,8554,8557,8557,8558,8559,8559,8560,8562,8563,8564,8570,8574,8575,8575,8576,8579,8583,8584,8586,8586,8589,8595,8595,8596,8596,8597,8597,8598,8601,8602,8603,8604,8609,8610,8614,8614,8615,8615,8615,8615,8617,8617,8619,8623,8624,8631,8631,8632,8634,8634,8636,8642,8643,8644,8650,8650,8652,8652,8653,8653,8654,8656,8660,8664,8665,8665,8666,8666,8668,8673,8675,8678,8679,8680,8681,8681,8684,8684,8684,8685,8686,8686,8688,8692,8692,8694,8694,8696,8698,8703,8703,8705,8707,8708,8709,8710,8710,8713,8713,8722,8724,8725,8727,8728,8728,8732,8733,8737,8739,8742,8743,8743,8745,8746,8747,8750,8752,8753,8754,8756,8757,8757,8760,8760,8760,8764,8766,8774,8776,8779,8788,8790,8791,8792,8793,8797,8799,8802,8802,8802,8805,8806,8808,8809,8813,8815,8817,8824,8828,8830,8830,8831,8834,8836,8837,8837,8839,8840,8845,8846,8847,8847,8852,8854,8860,8863,8866,8867,8867,8868,8869,8870,8875,8879,8883,8883,8883,8884,8884,8885,8885,8887,8888,8889,8890,8894,8895,8896,8897,8900,8901,8901,8908,8909,8910,8911,8914,8914,8915,8916,8916,8917,8917,8918,8920,8922,8923,8924,8924,8924,8925,8925,8928,8931,8933,8935,8937,8937,8937,8938,8941,8943,8943,8945,8947,8948,8955,8955,8955,8957,8958,8961,8961,8962,8967,8969,8970,8976,8978,8979,8982,8983,8983,8984,8984,8985,8988,8988,8989,8989,8990,8994,8995,8998,8999,8999,9002,9002,9005,9005,9009,9009,9009,9011,9012,9013,9018,9021,9022,9023,9025,9028,9030,9032,9034,9034,9037,9038,9040,9040,9043,9044,9047,9053,9055,9056,9058,9060,9061,9062,9063,9066,9068,9070,9073,9074,9075,9076,9079,9080,9082,9088,9090,9091,9091,9091,9092,9093,9095,9096,9098,9099,9101,9105,9105,9108,9113,9113,9115,9122,9124,9125,9125,9125,9127,9128,9130,9132,9135,9135,9137,9141,9142,9142,9143,9143,9144,9145,9145,9147,9155,9155,9156,9162,9163,9164,9166,9169,9170,9170,9170,9174,9174,9175,9175,9176,9178,9179,9179,9180,9181,9182,9185,9187,9187,9190,9192,9200,9202,9203,9205,9205,9205,9206,9207,9208,9210,9210,9213,9213,9214,9215,9215,9215,9218,9219,9219,9221,9221,9223,9223,9226,9226,9227,9227,9228,9229,9231,9233,9234,9234,9235,9235,9236,9239,9240,9240,9240,9242,9242,9243,9243,9243,9246,9246,9248,9248,9249,9250,9256,9257,9258,9259,9261,9261,9265,9266,9268,9272,9276,9279,9280,9281,9282,9282,9287,9288,9290,9290,9294,9294,9295,9297,9299,9301,9304,9306,9308,9309,9310,9312,9313,9315,9316,9321,9323,9323,9323,9324,9324,9326,9326,9327,9328,9331,9332,9336,9338,9339,9340,9340,9340,9343,9344,9345,9345,9346,9347,9347,9349,9351,9351,9355,9356,9359,9362,9364,9365,9367,9368,9371,9374,9375,9377,9379,9383,9386,9386,9387,9387,9388,9394,9395,9395,9396,9397,9399,9401,9404,9405,9405,9405,9406,9407,9408,9408,9412,9413,9413,9414,9419,9421,9422,9422,9423,9424,9428,9430,9431,9431,9432,9432,9432,9433,9434,9439,9440,9441,9442,9451,9451,9452,9454,9457,9458,9459,9459,9462,9464,9467,9467,9467,9468,9469,9470,9472,9474,9478,9480,9480,9482,9487,9487,9488,9488,9488,9489,9490,9490,9490,9492,9492,9500,9501,9501,9506,9506,9508,9508,9508,9509,9511,9513,9514,9515,9516,9525,9525,9527,9532,9533,9533,9538,9539,9539,9545,9545,9546,9553,9554,9557,9558,9559,9559,9560,9561,9562,9564,9565,9565,9565,9567,9573,9576,9581,9581,9582,9582,9583,9588,9588,9589,9590,9590,9592,9592,9593,9594,9595,9596,9597,9598,9602,9602,9604,9605,9608,9613,9618,9622,9624,9624,9626,9627,9627,9628,9628,9636,9638,9640,9640,9641,9641,9643,9644,9647,9648,9649,9649,9650,9653,9654,9657,9661,9663,9664,9665,9666,9667,9667,9669,9670,9672,9673,9675,9675,9676,9677,9677,9677,9680,9684,9685,9687,9688,9688,9689,9689,9691,9692,9693,9694,9700,9701,9705,9707,9709,9711,9713,9713,9714,9715,9717,9719,9721,9721,9724,9724,9725,9727,9730,9730,9732,9733,9742,9745,9746,9747,9748,9749,9754,9761,9762,9764,9768,9768,9769,9773,9774,9775,9777,9777,9778,9779,9780,9782,9787,9788,9791,9792,9793,9795,9796,9799,9799,9799,9800,9800,9801,9802,9805,9807,9807,9810,9811,9812,9812,9813,9814,9819,9819,9821,9822,9824,9826,9826,9827,9830,9831,9832,9833,9836,9837,9838,9845,9846,9846,9847,9848,9851,9854,9855,9858,9858,9858,9858,9859,9860,9863,9864,9864,9865,9867,9871,9872,9881,9885,9887,9887,9889,9890,9891,9891,9891,9894,9896,9897,9897,9898,9898,9902,9903,9903,9904,9905,9909,9910,9915,9919,9919,9919,9926,9926,9927,9929,9929,9933,9935,9936,9939,9942,9942,9943,9946,9950,9950,9952,9953,9955,9956,9957,9957,9960,9961,9961,9967,9972,9974,9975,9976,9976,9977,9979,9979,9987,9989,9989,9991,9992,10000;5627
too;12,188,223,336,768,1320,1762,1870,1922,2188,2340,2351,2410,2446,2628,2698,2788,2869,2899,3000,3128,3226,3234,3454,3561,3648,3859,3931,4018,4072,4769,4837,5150,5314,5351,5357,5427,5579,5591,6372,6465,6510,6582,6832,6841,6860,6897,6899,6985,7352,7775,7820,7876,8052,8063,8090,8280,8289,8303,8316,8750,8822,8955,9074,9216,9252,9426,9430,9506,9805,9930;71
two;119,156,162,170,213,220,255,279,339,424,463,573,669,745,808,830,847,909,919,937,961,995,1003,1003,1003,1018,1019,1023,1096,1110,1170,1205,1245,1302,1382,1451,1458,1486,1501,1510,1674,1703,1720,1926,1941,1970,1992,2042,2052,2085,2085,2141,2196,2283,2292,2361,2369,2415,2495,2496,2556,2616,2646,2651,2712,2713,2718,2720,2739,2781,2983,3090,3244,3289,3290,3327,3327,3446,3447,3469,3482,3602,3634,3683,3764,3771,3771,3820,3913,3926,3928,3949,3963,3963,4161,4265,4271,4289,4293,4305,4459,4476,4518,4520,4573,4590,4600,4743,4867,4872,4879,4887,4898,4898,4904,4925,4956,4956,4969,5019,5033,5034,5107,5109,5120,5174,5217,5338,5360,5365,5375,5395,5397,5401,5413,5456,5473,5491,5609,5613,5615,5651,5673,5677,5733,5799,5804,5820,5885,5888,5929,6013,6043,6058,6064,6072,6160,6164,6209,6211,6228,6268,6318,6319,6478,6479,6505,6624,6640,6694,6713,6820,6966,7064,7074,7079,7080,7103,7138,7150,7178,7201,7206,7244,7260,7276,7282,7306,7336,7352,7373,7390,7398,7402,7403,7458,7498,7511,7538,7572,7711,7721,7756,7809,7810,7873,7888,7929,7961,7966,7967,8096,8096,8174,8202,8217,8219,8226,8227,8227,8229,8233,8246,8251,8290,8335,8340,8355,8357,8359,8360,8361,8361,8362,8363,8364,8365,8366,8367,8368,8371,8392,8457,8495,8522,8539,8575,8609,8638,8653,8754,8759,8771,8795,8798,8825,8846,8870,8939,8944,8983,9023,9025,9030,9051,9104,9180,9225,9282,9296,9332,9545,9553,9615,9750,9768,9829,9967;278
Week;1091,1622,7242;3
weak;4797,5045,5316;3
week;50,105,204,210,396,497,612,612,745,755,892,911,926,931,1192,1192,1213,1219,1219,1219,1297,1392,1393,1411,1478,1621,1745,1936,1946,1950,2021,2022,2023,2027,2085,2085,2149,2181,2211,2211,2303,2466,2510,2557,2626,2727,2733,2967,3055,3244,3533,3536,3633,3650,3821,3927,3932,3951,4127,4555,4635,4636,4637,4638,4639,4640,4780,4894,4918,4952,4960,4975,4994,5069,5069,5073,5185,5238,5350,5415,5511,5574,5766,5841,5855,5860,5869,6377,6901,6919,6921,7101,7120,7201,7841,8220,8261,8393,8424,8447,8765,8820,8821,8830,8831,8832,8833,8834,8846,9010,9029,9088,9107,9132,9144,9282,9304,9317,9344,9461,9815,9836,9843,9869,9878;125
Weather;676,1856;2
Whether;9639,9640,9641,9642,9643,9644,9645,9646;8
weather;1655,2040,2347,2612,2834,3770,4422,5260,5441,5454,5528,5705,6187,6527,6679,6911,6957,7418,8600,9088,9346,9560;22
whether;770,849,916,965,991,1195,1420,1565,1959,2864,3051,3220,4639,4654,5106,5199,5271,5281,6145,6289,6331,6542,6804,6820,7024,7025,7121,7920,8300,8422,8666,9162,9488,9819;34
weed;;0
wheat;2345;1
Were;9431;1
Where;1689,6654,9630,9631,9632,9633,9634,9635,9636,9637,9638;11
were;70,131,133,141,148,159,172,228,233,311,315,333,334,338,341,351,355,379,417,418,452,481,503,516,569,570,571,606,636,652,671,674,678,678,739,752,758,782,817,883,940,944,949,962,963,968,970,981,988,991,1006,1007,1018,1024,1029,1061,1073,1081,1085,1102,1109,1131,1159,1169,1169,1170,1271,1295,1315,1354,1466,1490,1509,1533,1535,1537,1562,1607,1630,1630,1638,1667,1679,1688,1743,1748,1821,1826,1826,1836,1854,1877,1924,1932,1933,1996,1996,2001,2036,2043,2048,2064,2064,2077,2079,2105,2108,2108,2127,2158,2198,2200,2200,2221,2282,2287,2292,2293,2328,2332,2369,2383,2416,2425,2426,2457,2459,2461,2489,2489,2490,2558,2578,2579,2625,2640,2659,2685,2696,2709,2761,2774,2799,2855,2929,2969,2972,2981,2981,2982,3028,3046,3078,3166,3215,3217,3271,3276,3283,3357,3418,3531,3553,3556,3557,3560,3571,3583,3600,3639,3686,3722,3728,3751,3777,3807,3833,3836,3893,3907,3927,3968,3999,4009,4031,4085,4184,4250,4293,4297,4309,4318,4367,4372,4408,4492,4525,4556,4590,4606,4638,4641,4654,4684,4684,4733,4736,4777,4802,4845,4849,4856,4858,4871,4907,4911,4915,4943,4946,4973,4990,5030,5131,5154,5189,5189,5199,5220,5228,5293,5389,5418,5427,5435,5448,5453,5473,5486,5486,5496,5517,5518,5568,5573,5573,5574,5590,5596,5602,5644,5675,5675,5676,5699,5753,5794,5802,5811,5820,5823,5824,5830,5887,5906,5964,6012,6026,6053,6069,6092,6092,6100,6113,6125,6125,6243,6253,6293,6359,6371,6374,6378,6391,6525,6525,6525,6527,6527,6556,6624,6638,6639,6678,6690,6724,6777,6784,6785,6849,6889,6925,6973,6980,6990,7006,7012,7012,7012,7035,7055,7057,7060,7062,7086,7086,7138,7183,7244,7280,7313,7322,7329,7330,7330,7392,7398,7402,7434,7451,7472,7480,7501,7533,7538,7566,7567,7591,7618,7664,7714,7716,7743,7745,7768,7781,7782,7791,7826,7870,7872,7891,7907,7909,7912,7912,7914,7927,7972,7987,8075,8082,8085,8086,8087,8088,8089,8090,8098,8119,8146,8178,8179,8180,8181,8182,8192,8226,8226,8258,8272,8273,8310,8320,8327,8359,8367,8424,8434,8437,8452,8462,8463,8469,8475,8480,8565,8588,8589,8589,8590,8591,8592,8593,8594,8617,8617,8654,8814,8854,8857,8858,8861,8891,8949,8956,8978,8984,8985,9019,9029,9035,9063,9072,9082,9121,9208,9306,9367,9470,9471,9472,9473,9474,9475,9490,9514,9524,9562,9563,9574,9608,9617,9635,9659,9659,9661,9672,9672,9688,9688,9707,9712,9712,9712,9713,9722,9722,9727,9727,9751,9761,9795,9832,9840,9881,9924,9959,9982,9982,9999;470
where;172,206,256,342,382,501,582,728,777,844,856,980,1111,1215,1341,1373,1409,1443,1466,1579,1647,1883,1885,1932,1972,2001,2127,2158,2177,2199,2220,2294,2322,2326,2398,2427,2514,2531,2553,2559,2560,2571,2667,2749,2886,2929,2948,2981,3078,3161,3194,3241,3273,3313,3416,3449,3457,3482,3498,3544,3555,3602,3607,3612,3714,3836,3840,3900,4001,4037,4053,4098,4120,4130,4138,4149,4359,4714,4717,4971,5010,5093,5149,5167,5267,5319,5370,5385,5450,5504,5581,5630,5657,5793,5793,5797,6057,6135,6137,6209,6280,6280,6378,6421,6483,6497,6567,6643,6680,6740,6789,6807,6881,6882,6917,7027,7196,7516,7538,7553,7729,7737,7743,7778,7779,7784,7838,7897,7998,8060,8131,8134,8250,8361,8442,8462,8526,8540,8630,8683,8703,8708,8739,8740,8741,8741,8788,8801,8824,8845,8886,8918,9155,9272,9335,9335,9346,9349,9464,9522,9551,9596,9642,9747,9783,9795,9978,9999;168
Which;9647,9649,9650,9651,9652;5
Witch;889;1
which;36,44,53,78,85,85,119,128,132,189,197,229,294,308,350,372,425,435,492,560,562,569,588,603,607,620,632,634,656,675,704,741,753,766,789,804,804,845,845,847,875,898,902,910,926,967,1005,1025,1051,1060,1114,1117,1117,1133,1204,1260,1263,1274,1301,1303,1315,1366,1394,1397,1407,1417,1470,1493,1504,1505,1513,1526,1557,1623,1625,1630,1754,1780,1782,1786,1799,1813,1834,1894,1925,1927,1931,1944,1967,1974,2049,2103,2107,2108,2117,2141,2156,2193,2215,2277,2291,2318,2344,2424,2429,2490,2501,2503,2514,2514,2514,2525,2590,2650,2663,2664,2680,2691,2734,2739,2791,2803,2832,2843,2853,2855,2865,2878,2954,3075,3113,3157,3189,3196,3251,3284,3494,3517,3536,3605,3615,3658,3698,3709,3726,3734,3751,3751,3752,3778,3793,3810,3824,3837,3839,3843,3886,3896,3913,3916,4023,4023,4065,4101,4121,4305,4352,4374,4425,4433,4485,4496,4517,4524,4582,4600,4618,4627,4638,4652,4689,4692,4722,4731,4736,4749,4755,4757,4809,4813,4824,4916,4925,4935,4956,4957,4992,5018,5019,5028,5031,5032,5079,5107,5111,5154,5181,5201,5252,5326,5344,5349,5410,5462,5464,5469,5495,5497,5537,5557,5557,5584,5595,5596,5609,5623,5647,5654,5670,5696,5700,5731,5848,5874,5909,5911,5951,5956,5958,5983,6003,6004,6021,6024,6133,6180,6196,6196,6230,6246,6272,6281,6285,6402,6419,6427,6428,6515,6536,6587,6679,6700,6711,6735,6762,6771,6773,6785,6809,6816,6828,6864,6906,6911,6912,6923,6956,6982,7008,7014,7020,7021,7045,7047,7051,7062,7085,7088,7090,7116,7145,7167,7188,7193,7195,7207,7220,7282,7283,7303,7314,7321,7322,7323,7324,7339,7349,7350,7356,7403,7419,7459,7461,7466,7485,7618,7656,7708,7711,7715,7733,7742,7764,7799,7799,7800,7834,7836,7870,7881,7884,7887,7905,7908,7911,7915,7953,7962,7972,7993,7996,7999,8000,8000,8030,8060,8073,8082,8092,8094,8098,8112,8113,8114,8115,8132,8138,8154,8174,8192,8194,8221,8274,8290,8296,8319,8338,8345,8348,8349,8350,8351,8379,8393,8401,8410,8442,8502,8503,8591,8596,8610,8655,8682,8730,8820,8824,8831,8907,8916,8939,8939,8941,8957,8969,8977,8988,9010,9011,9060,9068,9073,9092,9107,9121,9141,9166,9222,9235,9267,9272,9278,9313,9334,9350,9406,9408,9465,9473,9490,9508,9511,9585,9654,9730,9823,9831,9842,9845,9865,9869,9924,9960,9972,9980,9996;436
witch;4211;1
Hole;3005;1
Whole;;0
hole;485,1949,2721,3412,7763,7917,8259;7
whole;179,931,1095,2329,2648,2691,2779,3181,3204,4265,4310,4876,6206,6515,6577,6601,6876,8016,8427,8718,8750,9582,9654,9691,9723,9984;26
With;1603,4599,5998,6010,7240,9555,9768,9769,9770,9771,9772,9773,9774,9775,9776,9777,9778,9779,9780,9781,9782,9784,9785,9786,9787,9788,9790,9791,9792,9793,9794,9795,9796,9797,9798,9799,9800,9803,9804,9805,9806,9807,9808,9809,9810,9811,9812,9813,9814,9815,9816,9817,9818,9819,9820,9821,9822,9823,9824,9825,9826,9827,9828,9829,9830;65
width;;0
with;6,11,19,28,29,30,32,33,36,65,69,87,113,120,123,125,126,130,145,148,149,170,171,176,177,178,179,179,179,181,185,185,188,188,192,193,195,198,201,201,204,207,208,215,216,218,223,227,229,231,247,249,253,253,253,259,261,265,269,271,277,279,288,289,304,314,323,323,338,342,346,347,348,349,352,354,357,358,385,389,390,394,412,412,414,418,421,437,439,454,464,467,467,470,476,477,487,503,513,515,525,525,526,527,528,532,540,558,565,566,569,581,599,599,601,608,610,610,611,620,626,627,631,638,639,646,646,647,650,663,670,676,686,687,688,689,690,696,715,725,732,747,747,751,758,758,777,787,794,798,805,806,811,821,835,835,844,860,874,875,879,892,903,903,917,918,929,930,932,932,932,933,943,947,960,966,969,995,995,998,1003,1003,1009,1009,1017,1019,1021,1023,1045,1062,1063,1078,1110,1110,1115,1128,1130,1132,1134,1139,1141,1146,1149,1153,1153,1165,1172,1174,1176,1190,1191,1199,1216,1218,1221,1223,1234,1235,1241,1250,1253,1255,1261,1262,1289,1291,1298,1307,1309,1310,1310,1313,1313,1325,1331,1336,1339,1341,1346,1365,1379,1402,1415,1423,1426,1435,1440,1446,1450,1464,1472,1478,1491,1493,1506,1513,1527,1529,1543,1554,1556,1559,1559,1562,1573,1573,1578,1594,1597,1625,1630,1647,1664,1665,1667,1674,1676,1677,1679,1681,1684,1695,1696,1708,1711,1718,1723,1727,1729,1730,1746,1749,1752,1764,1769,1775,1803,1807,1812,1816,1817,1824,1832,1834,1836,1856,1879,1881,1883,1884,1893,1895,1895,1899,1910,1915,1924,1940,1953,1966,1972,1973,1977,1979,1980,1991,2000,2007,2037,2037,2040,2053,2054,2062,2079,2088,2089,2096,2102,2106,2110,2118,2129,2131,2139,2149,2158,2173,2177,2177,2182,2186,2190,2196,2200,2203,2212,2215,2222,2231,2247,2259,2270,2274,2277,2282,2291,2292,2303,2336,2341,2341,2351,2387,2402,2406,2415,2417,2427,2436,2443,2443,2522,2528,2553,2556,2558,2561,2564,2577,2592,2594,2598,2599,2600,2609,2609,2611,2613,2618,2620,2620,2621,2625,2627,2635,2637,2642,2647,2651,2653,2661,2665,2675,2689,2695,2701,2701,2712,2742,2747,2750,2758,2766,2768,2768,2771,2801,2833,2834,2846,2852,2870,2883,2887,2890,2891,2899,2900,2903,2914,2930,2947,2947,2957,2960,2966,2969,2985,2990,2991,2993,2994,2996,2999,3001,3004,3013,3014,3029,3046,3050,3055,3060,3061,3068,3074,3075,3081,3081,3097,3111,3125,3135,3149,3149,3149,3150,3161,3166,3186,3189,3226,3239,3242,3257,3260,3262,3266,3278,3306,3306,3311,3316,3326,3330,3332,3366,3368,3376,3378,3380,3421,3424,3451,3467,3476,3484,3502,3503,3509,3509,3510,3511,3515,3519,3521,3522,3538,3552,3558,3567,3567,3571,3574,3586,3594,3598,3601,3612,3621,3626,3639,3645,3658,3681,3683,3685,3693,3697,3705,3711,3738,3745,3748,3757,3759,3765,3766,3772,3772,3775,3778,3780,3781,3790,3810,3811,3820,3820,3824,3827,3833,3851,3863,3863,3873,3875,3882,3887,3889,3897,3902,3909,3910,3913,3920,3922,3925,3930,3937,3942,3956,3960,3968,3971,3977,3986,3987,3988,3988,3994,4015,4017,4030,4037,4039,4072,4077,4083,4091,4099,4104,4105,4118,4119,4121,4140,4146,4153,4160,4175,4183,4195,4195,4202,4204,4217,4222,4223,4235,4246,4246,4272,4277,4280,4296,4299,4303,4326,4360,4361,4370,4378,4380,4391,4396,4412,4421,4431,4444,4453,4455,4461,4467,4469,4483,4505,4508,4512,4514,4519,4523,4530,4533,4536,4544,4556,4574,4575,4587,4591,4593,4597,4598,4602,4603,4623,4631,4637,4647,4649,4664,4667,4670,4671,4671,4679,4680,4683,4684,4692,4703,4706,4718,4729,4741,4744,4749,4772,4776,4782,4786,4797,4803,4816,4822,4835,4857,4857,4858,4860,4871,4878,4881,4883,4890,4896,4908,4910,4918,4926,4930,4938,4939,4940,4940,4943,4951,4952,4956,4958,4958,4959,4965,4965,4972,4977,4983,4990,5023,5034,5040,5044,5050,5051,5051,5053,5053,5058,5064,5071,5084,5091,5114,5118,5124,5135,5136,5144,5158,5172,5186,5195,5197,5203,5203,5204,5216,5228,5236,5243,5252,5261,5261,5272,5305,5308,5316,5328,5330,5330,5333,5348,5360,5362,5364,5370,5375,5385,5394,5397,5397,5397,5398,5415,5418,5437,5447,5457,5460,5463,5468,5469,5470,5485,5491,5514,5515,5516,5523,5526,5532,5535,5543,5543,5544,5546,5550,5553,5557,5558,5559,5577,5586,5589,5593,5611,5612,5630,5633,5634,5646,5647,5668,5686,5688,5704,5713,5714,5715,5723,5729,5729,5732,5736,5736,5738,5744,5753,5760,5760,5764,5769,5781,5784,5792,5794,5799,5809,5814,5820,5826,5828,5831,5832,5834,5841,5846,5860,5868,5876,5879,5892,5892,5893,5899,5899,5906,5920,5928,5929,5945,5945,5946,5948,5951,5952,5959,5982,5986,5992,5993,6004,6013,6017,6020,6039,6044,6048,6048,6053,6053,6058,6087,6094,6095,6106,6111,6120,6126,6130,6133,6136,6137,6138,6139,6148,6148,6152,6157,6168,6171,6175,6177,6184,6186,6188,6195,6197,6201,6208,6210,6219,6220,6228,6228,6234,6235,6238,6248,6250,6254,6260,6261,6279,6284,6287,6287,6288,6290,6294,6295,6303,6312,6317,6318,6318,6320,6325,6356,6365,6368,6379,6381,6402,6425,6440,6442,6443,6444,6446,6468,6482,6491,6492,6492,6503,6511,6523,6536,6560,6570,6575,6585,6593,6603,6615,6615,6617,6618,6619,6620,6622,6636,6651,6661,6669,6677,6679,6680,6684,6695,6698,6707,6711,6712,6732,6735,6743,6748,6750,6752,6755,6755,6758,6760,6762,6778,6779,6782,6797,6806,6809,6841,6848,6865,6876,6912,6913,6915,6917,6918,6923,6926,6935,6944,6948,6953,6953,6956,6969,6985,6985,6985,6993,6997,7009,7011,7014,7018,7024,7030,7030,7030,7034,7038,7040,7066,7067,7068,7100,7102,7122,7127,7134,7140,7162,7189,7190,7199,7208,7214,7221,7233,7234,7237,7247,7251,7254,7261,7262,7271,7278,7286,7289,7306,7312,7323,7335,7345,7346,7350,7353,7383,7392,7416,7424,7438,7443,7446,7449,7457,7462,7477,7483,7495,7496,7502,7507,7515,7515,7516,7527,7536,7548,7557,7561,7575,7592,7593,7601,7621,7628,7632,7634,7638,7643,7653,7663,7664,7666,7669,7682,7691,7694,7696,7698,7705,7712,7727,7728,7730,7734,7735,7740,7741,7741,7745,7749,7756,7761,7763,7764,7774,7775,7781,7783,7784,7791,7794,7808,7812,7813,7814,7822,7828,7833,7854,7855,7858,7863,7871,7874,7880,7883,7887,7895,7901,7905,7908,7914,7924,7927,7929,7937,7938,7943,7947,7951,7966,7966,7975,7986,7991,7999,8002,8013,8021,8028,8028,8031,8032,8032,8033,8039,8042,8044,8048,8059,8066,8073,8082,8085,8099,8100,8113,8114,8115,8149,8152,8160,8166,8173,8174,8178,8185,8189,8192,8199,8209,8210,8212,8217,8217,8217,8222,8230,8231,8235,8237,8261,8284,8288,8290,8296,8305,8315,8322,8323,8332,8341,8345,8349,8350,8351,8356,8357,8361,8365,8382,8387,8387,8402,8406,8410,8412,8412,8418,8420,8427,8438,8440,8457,8465,8468,8483,8484,8490,8490,8495,8497,8499,8501,8509,8509,8515,8526,8530,8539,8540,8542,8547,8572,8584,8588,8595,8606,8607,8622,8628,8629,8637,8645,8646,8655,8657,8658,8661,8665,8684,8688,8692,8700,8748,8753,8760,8767,8768,8771,8791,8795,8796,8802,8802,8809,8822,8824,8825,8841,8846,8854,8858,8872,8875,8887,8888,8900,8918,8923,8937,8942,8942,8948,8951,8965,8973,8974,8980,8980,8983,8983,8988,9000,9008,9014,9016,9019,9025,9032,9040,9046,9053,9057,9060,9074,9079,9087,9093,9099,9100,9108,9115,9121,9131,9141,9144,9148,9151,9152,9170,9174,9184,9187,9204,9215,9221,9222,9222,9223,9227,9235,9250,9255,9272,9280,9281,9294,9299,9314,9319,9323,9325,9340,9345,9350,9352,9358,9363,9364,9377,9378,9379,9383,9386,9391,9398,9405,9425,9425,9431,9432,9450,9451,9452,9471,9472,9475,9476,9477,9477,9488,9506,9510,9514,9536,9545,9545,9546,9553,9556,9558,9561,9596,9599,9615,9619,9626,9626,9626,9632,9655,9677,9682,9685,9685,9686,9695,9705,9712,9717,9721,9722,9725,9726,9750,9767,9768,9773,9784,9801,9802,9809,9816,9832,9835,9836,9840,9845,9846,9860,9862,9867,9867,9868,9885,9886,9888,9896,9899,9918,9925,9929,9935,9952,9953,9966,9996,9996,9998,10000;1491
Word;;0
World;460,744,1021,1175,1238,1292,1729,1756,1796,1816,2889,3020,3215,3579,3638,3808,3898,4608,4803,5061,5169,5190,5190,5755,5906,5931,6010,6437,6619,6998,7301,7469,7640,7874,8138,8228,8327,8416,8759,9062,9105,9175,9806,9848,9933;45
word;323,807,867,1480,2894,3561,3703,3717,4425,4642,4793,4821,5170,6041,6278,6899,7295,7295,8228,9155;20
world;87,124,158,387,477,496,567,814,913,1064,1084,1090,1407,1468,1495,1650,1880,2061,2082,2164,2176,2298,2314,2420,2469,2683,2695,2939,3011,3286,3314,3329,3462,3528,3534,3656,3780,3793,3896,3918,4097,4224,4320,4374,4480,4536,4692,4731,5267,5361,5471,5484,5487,5494,5511,5681,5963,6128,6162,6305,6404,6473,6510,6656,6782,6821,7014,7048,7177,7445,7469,7503,7588,7863,8044,8102,8102,8112,8167,8275,8306,8318,8427,8432,8440,8469,8517,8523,8524,8588,8608,8707,8850,8850,8986,9072,9108,9259,9274,9386,9693,9822;102
You;125,848,1689,1914,2017,2105,2866,3295,3295,3371,3836,3847,4198,4707,5080,5094,5152,6350,7514,9087,9899,9901,9902,9903,9904,9905,9906,9907,9908,9909,9910,9910,9911,9912,9913,9914,9915,9916,9917,9918,9919,9920,9921,9922,9923,9924,9925,9926,9927,9928,9929,9930,9931,9932,9933,9934,9935,9936,9937,9938,9939,9940,9941,9942,9943,9944,9945,9946,9947,9948,9949,9950,9951,9952,9953,9954,9955,9956,9957,9961,9962,9963,9965,9966,9967,9969,9970,9971,9972,9973,9974,9975,9976,9978,9979,9980,9981,9982,9983;99
Your;2843,2871,4490,5755,6103,8726,8910,9964,9968;9
you;16,43,63,63,128,128,128,185,200,222,222,230,288,294,339,456,464,464,476,484,484,484,486,486,487,510,511,551,554,554,559,592,592,592,602,602,603,642,642,692,693,748,748,770,793,807,823,823,870,902,927,935,935,936,937,938,982,998,999,1013,1013,1093,1111,1111,1118,1139,1140,1140,1165,1223,1235,1303,1312,1346,1347,1348,1357,1357,1388,1397,1398,1418,1446,1483,1491,1525,1547,1574,1634,1693,1693,1823,1823,1871,1900,1914,1921,1930,1931,1932,1932,1933,1962,1984,2011,2011,2015,2059,2114,2121,2137,2147,2147,2199,2205,2205,2205,2205,2259,2301,2321,2324,2343,2354,2364,2410,2438,2450,2453,2465,2529,2541,2553,2583,2593,2593,2610,2612,2613,2613,2749,2761,2761,2803,2811,2812,2817,2817,2819,2820,2820,2845,2910,2913,3000,3011,3037,3042,3073,3113,3133,3136,3139,3141,3145,3154,3178,3180,3203,3204,3205,3221,3245,3280,3306,3306,3308,3309,3309,3310,3310,3311,3311,3312,3312,3313,3314,3315,3315,3316,3316,3317,3318,3319,3319,3319,3320,3320,3321,3321,3322,3322,3323,3324,3324,3324,3324,3324,3325,3325,3326,3327,3328,3328,3329,3330,3331,3332,3333,3334,3335,3335,3336,3336,3337,3338,3339,3340,3340,3341,3341,3341,3342,3343,3345,3346,3346,3347,3348,3349,3350,3350,3351,3352,3352,3353,3354,3355,3355,3356,3356,3362,3362,3362,3390,3400,3427,3436,3445,3447,3458,3474,3474,3474,3477,3518,3565,3568,3600,3600,3601,3605,3626,3663,3678,3681,3699,3710,3717,3739,3784,3821,3821,3821,3833,3833,3837,3838,3838,3853,3873,3880,3891,3891,3892,3896,3911,3918,3918,3921,3923,3945,3963,3963,3967,3967,3986,3989,3995,4040,4102,4108,4110,4110,4147,4175,4175,4205,4205,4210,4210,4234,4249,4275,4275,4329,4341,4349,4396,4397,4397,4400,4425,4427,4502,4515,4537,4628,4667,4667,4691,4725,4764,4781,4781,4812,4812,4844,4885,4890,4891,4897,4979,4979,4984,5027,5048,5048,5062,5144,5202,5212,5282,5282,5283,5285,5337,5439,5513,5513,5566,5567,5578,5580,5581,5582,5583,5614,5620,5635,5679,5679,5682,5682,5737,5746,5747,5796,5880,5893,5893,5942,5948,5958,6016,6016,6027,6061,6073,6162,6179,6196,6205,6205,6221,6255,6324,6324,6341,6350,6395,6396,6396,6402,6456,6487,6488,6492,6543,6564,6565,6565,6565,6572,6605,6606,6606,6606,6607,6607,6607,6608,6608,6609,6610,6611,6663,6675,6684,6718,6784,6792,6793,6794,6795,6796,6797,6798,6799,6800,6801,6824,6824,6830,6850,6876,6876,6891,6897,6897,6897,7011,7011,7087,7100,7118,7266,7267,7340,7340,7380,7380,7388,7388,7388,7437,7516,7516,7516,7546,7577,7712,7777,7778,7778,7778,7948,7950,7957,8034,8048,8048,8052,8052,8110,8117,8131,8131,8132,8132,8134,8148,8204,8316,8317,8321,8321,8526,8535,8535,8562,8573,8583,8607,8690,8696,8696,8715,8719,8723,8763,8842,8852,8852,8920,8931,8931,8938,8969,9124,9126,9126,9126,9165,9221,9324,9335,9347,9370,9411,9416,9417,9476,9499,9504,9505,9507,9513,9523,9527,9543,9549,9588,9613,9613,9619,9619,9620,9621,9622,9623,9624,9624,9624,9625,9626,9627,9628,9628,9629,9631,9645,9645,9646,9646,9654,9662,9662,9666,9669,9715,9715,9725,9725,9742,9768,9768,9772,9773,9782,9807,9816,9823,9826,9879,9900,9901,9914,9914,9914,9917,9917,9917,9918,9919,9919,9919,9919,9919,9919,9928,9931,9932,9934,9939,9942,9942,9942,9944,9946,9946,9949,9951,9951,9965,9965,9965,9965,9975,9976,9978,9979,9980,9980,9982,9982,9982;637
your;128,152,152,200,230,261,294,339,464,484,486,487,513,587,587,600,604,619,642,642,661,666,676,770,793,793,854,902,927,928,1093,1121,1139,1180,1241,1258,1381,1485,1491,1693,1897,1916,1960,2011,2102,2202,2259,2300,2321,2343,2360,2403,2453,2529,2538,2554,2572,2593,2603,2611,2612,2612,2612,2684,2711,2749,2803,2818,2818,2834,3018,3018,3113,3133,3136,3145,3146,3154,3180,3210,3244,3280,3308,3310,3311,3315,3319,3319,3319,3320,3320,3333,3334,3337,3337,3337,3342,3344,3344,3346,3348,3349,3437,3601,3605,3760,3827,3827,3853,3873,3916,3916,3920,3921,4076,4123,4170,4198,4204,4228,4234,4243,4249,4267,4341,4349,4516,4537,4538,4539,4541,4560,4663,4675,4692,4698,4734,4754,4781,4812,4844,4890,5027,5237,5283,5337,5439,5439,5581,5635,5737,5783,5783,5804,5884,5910,5920,5986,6027,6067,6073,6073,6073,6073,6255,6257,6394,6395,6395,6464,6465,6490,6496,6539,6539,6564,6607,6610,6675,6718,6732,6741,6745,7011,7178,7178,7380,7391,7391,7546,7700,7700,7718,7731,7763,7789,7861,8052,8100,8110,8131,8134,8149,8149,8204,8321,8510,8535,8675,8808,8808,8894,8946,9011,9128,9169,9169,9185,9324,9324,9498,9502,9588,9627,9627,9666,9725,9740,9742,9755,9773,9816,9816,9823,9826,9826,9826,9902,9910,9910,9911,9931,9942,9948,9949,9951,9952,9953,9953,9964,9965,9974,9974;253
