Being	1811,18237,21397,30580,32830,34252,56819,73274,86576,92142,93216,98752,110594,110595,110596,110597,110598,110599,110600,110601,110602,110603,110604,110605,110606,110607,110608,110609,110610,110611,110612,110613,110614,110615,110616,110617,110618,110619,110620,110621,110622,110623,110624,110624,110625,110626,110627,110628,110629,110630,110631,110632,110633,110634,110635,110636,110637,110638,110639,110640,110641,110642,110643,110644,110645,110646,110647,110648,110649,110650,110651,110652,110653,110654,110655,110656,110657,110658,110659,110660,110661,110662,110663,110664,110665,110666,110667,110668,110669,110670,110671,110672,110673,110674,110675,110677,110678,110679,110680,110681
Capital	4724,4878,5104,6019,6315,6393,6434,7336,7747,8156,8487,8601,8959,10118,11545,11546,11547,11548,11740,12631,13850,14637,14774,14848,14849,14850,15375,15376,15377,15955,15978,24199,24721,25640,28030,31528,32349,32374,34036,34079,34081,34090,34091,34092,34093,34094,34095,34096,34097,34098,34099,34100,34101,34102,34103,34104,34105,34106,34107,34108,34109,34129,34153,34689,35100,35895,37859,37860,39227,39240,39241,39243,39850,39997,39998,41028,41371,41735,43566,43567,43568,51286,51290,54594,55596,56552,60731,60866,61458,61521,62059,62066,62763,65242,66466,68298,68299,69502,69668,69672
Capitol	2947,3790,3946,4599,4607,6907,8977,10252,11425,12532,12532,12913,15398,15402,16516,18455,20841,21645,24629,27500,29039,37560,38499,38790,41210,42251,45223,46568,61129,63801,64590,68321,71216,73290,78487,80692,80708,82315,84995,85912,87645,88272,88847,89097,91747,91860,93041,93301,93897,94394,95824,101601,102435,102543,102785,102947,104492,110123,110123,113311,123820,129963,130833,141530,147075,148342,150745,150746,150747,150749,150750,151509,155699,156508,160666,163788,164315,165661,174138,175508,181007,181045,182177,191908,192512,196344,196508,197870,197909,201599,210734,211115,214405,216255,217080,218155,219187,220530,220531,220604
Country	2220,2221,5588,6187,7461,11971,12379,13276,13328,13667,13814,15354,16050,17053,18940,20852,21017,22050,22739,27385,27622,28629,30317,30820,30951,32156,32774,34046,35293,35293,35323,36088,36490,37540,39097,40181,41128,43513,47735,50377,50735,51756,56950,59631,60415,60783,62013,64439,64439,64755,64948,65349,68967,70580,72385,73610,73716,73839,74301,75430,75777,76880,77141,81286,82135,82199,85355,85483,87196,89196,90380,91529,95906,96842,98303,98920,99127,100896,100897,100897,100962,101202,101881,103545,103545,104426,105674,110099,110577,111587,113458,114046,114046,116145,116188,116392,116497,122288,122410,123591
County	85,303,394,507,643,857,1016,1117,1346,1414,1435,1848,1919,1982,1982,2160,2439,2485,2523,2601,2680,2707,2731,2818,3071,3074,3205,3401,3452,3624,3738,3851,4273,4292,4344,4358,4361,4415,4424,4433,4436,4446,4583,4712,4791,4835,4852,4859,5099,5292,5351,5680,5761,5763,5787,5879,5928,5945,6169,6180,6312,6592,6641,6659,6752,6901,7027,7056,7056,7056,7087,7102,7275,7333,7335,7438,7449,7570,7571,7574,7593,7630,7634,7791,8038,8111,8245,8330,8331,8348,8580,8706,8726,8825,8875,8876,8966,9006,9065,9066
Desert	2333,4359,9487,27656,51022,63625,65270,95398,109971,113374,130915,136675,173330,173330,174759,176826,182462,182463,182464,182465,182466,182467,182468,182469,182473,183892,210821,216591,219229,220744,225627,245000,278690,283864,293224,298058,304195,344977,345984,356336,368323,369008,390536,402987,413415,417240,431443,431491,449974,479780,519640,524651,536226,543217,562379,569417,569871,574151,579249,591916,600346,605963,619172,634614,655483,658661,660706,663352,663392,665482,665901,666314,675608,689091,702082,718952,723901,724162,727488,738179,741168,748170,757372,775694,791451,793974,794838,798686,816378,845110,860276,864417,864417,870105,875614,877748,912404,916204,919862,961909
Easy	13428,20683,52490,115898,117485,177979,186199,186837,200662,200898,200899,200900,200901,200902,200903,200904,200905,200906,200915,200916,200917,200918,200919,200920,200921,200922,200923,200924,200925,200926,200927,200928,200929,200930,200931,200932,200933,200934,200935,208240,226963,227195,229352,238827,255250,338654,360337,363514,368413,379602,392183,459897,472672,476294,504459,547807,570261,576475,579849,594260,594663,599031,620035,635607,649920,652227,668388,698884,698896,720747,723550,741257,747321,760110,789405,812361,828347,902494,991716
Effect	77,1482,21088,44795,102697,118430,126464,128882,172504,202113,202114,202115,202116,202117,231219,242374,246861,247857,262397,272846,315133,342108,360090,363635,364634,365758,390542,392751,418382,427829,431813,451541,463829,469839,491777,522464,556305,592092,594451,606009,647712,659547,661828,674013,676389,676390,728253,732342,761866,765120,818278,970644
Effects	18770,41298,72690,83903,151637,202118,202119,237709,315329,393557,476754,508646,540664,558971,583175,584835,663071,762612,772671,916434,933112,977217
Except	187686,214438,214439,214440,214441,214442,214443,214444,214445,214446,214447,214448,214450,214451,214452,214453,214454,214455,214456,214457,214458,214459,214460,214461,214462,214463,214464,214465,214466,214467,214468,214469,214470,214471,214472,214473,214474,214475,214476,214477,214478,214479,214480,214481,214493,214494,214495,214496,214497,214498,214499,214500,214501,214502,214503,214504,214505,214506,214507,214508,214509,214510,214511,214512,214513,214514,214515,214516,214517,214518,214519,214520,214521,214522,214523,214524,214525,214526,214527,214528,214529,214530,214531,214532,214533,375179
Few	35234,139794,219798,219799,219800,219801,219802,219803,219804,219805,219806,219807,219808,219809,219810,219811,219812,219813,219814,219815,219816,219817,219818,219845,219846,219847,219848,219849,219850,219851,219852,219853,219854,219855,219856,219857,219858,219859,219860,219861,219862,219863,219864,219865,219866,219867,219868,219869,219870,219871,219872,219873,219874,219875,219876,219877,219878,219879,219880,219881,219882,219883,219884,219885,219886,219887,219888,219889,219890,219893,219894,219895,219896,219897,219898,219899,219900,219901,219902,219903,219904,219905,219906,219907,219908,219909,219910,219911,219912,219913,219914,219915,219916,219917,219918,273047,273803,396199,403118,489197
Form	8597,10204,10916,11546,12871,15044,15445,26891,27587,29486,29505,29528,29536,31022,32247,34095,34110,34124,38406,38408,38411,40010,40244,42005,42986,62176,71182,71278,72176,73227,73256,77355,85399,86125,86158,94842,94960,94989,98990,99081,100080,100331,101777,101805,101839,103453,103491,104288,104297,104360,104604,104834,104837,104839,104846,104874,107120,111742,112057,113003,116190,116373,117001,117988,120528,120528,122770,122781,122965,123939,148160,148161,148180,148635,149184,149419,150610,150626,151570,151663,152414,153138,153306,153837,155905,156896,160126,161398,163013,165011,165012,165482,165770,165898,166438,166788,167646,167647,167652,167659
Found	89620,89875,157618,179728,210196,240551,240692,240693,240700,240701,240702,240703,240704,240705,240706,240707,240708,240709,240710,240711,240712,240718,240719,240720,247898,254530,304337,315007,316135,367925,467702,496199,496686,549393,649492,659362,671819,716662,772244,886704,928513
Fourth	6169,9960,20646,21070,28035,37253,52431,57447,62373,65055,70059,72931,91325,98085,105243,112706,114271,115158,124777,158493,158751,163490,166982,167230,171137,171718,174887,190313,209291,224969,225005,237145,241154,241155,241156,241157,241160,241161,241162,241170,241171,241172,241173,241174,241175,241185,241186,241187,241188,241189,241190,241191,241192,241193,241194,241195,241196,241198,241199,241200,241201,241202,241203,241204,241205,241206,248795,251159,254388,254417,257243,257244,268074,277214,280444,295395,297671,305604,317746,322209,345464,354518,362085,379263,381482,383794,390702,418168,419875,432296,436109,476649,478412,478772,480725,483588,489150,494870,498895,499479
From	163,1661,2803,4783,6964,7176,7485,8326,14731,19578,20729,21955,22115,23101,24371,24654,27595,34345,35227,37891,44444,51892,62186,69094,71642,81952,84176,92768,95485,97537,100091,100686,102971,103645,104707,104708,104757,105839,106928,108479,108490,115608,118249,118351,118653,120835,121932,122364,123962,126056,147266,149705,160929,161181,163775,165089,168447,172980,172990,173232,173998,174324,176700,177473,179009,180595,180701,182333,182876,182897,187302,187360,189378,195303,196326,197787,198234,201827,202599,211684,218337,218628,218941,220058,230489,230652,232061,234679,235834,237084,243120,243121,243122,243123,243124,243125,243126,243127,243128,243129
Fund	72,72,313,1451,1912,2844,3076,3077,4362,5665,6649,7584,8096,8366,11192,11433,11578,11754,14041,14214,14223,14774,14776,14807,15346,18949,19737,25640,27013,29472,31041,32316,32399,40242,42701,54116,57343,57736,61413,62432,63637,64976,66408,66475,66592,68712,69030,70062,70680,71803,79034,79578,79786,81883,82794,83850,84210,84329,84482,85428,85753,86035,89885,94209,94456,94467,94989,94996,96208,99043,99194,99758,99758,103269,104228,104383,105016,105154,107076,111629,111922,113777,113777,114064,114139,116501,116502,116503,117203,118456,118457,118458,118459,118460,118461,118462,120039,123753,124940,125092
Hole	3115,96927,103467,113808,149066,153334,174354,180076,220369,248284,281561,302572,302573,302574,302576,302577,302581,302582,336430,385257,388702,404023,419623,459774,487038,531141,548241,688665,730754,748682,775506,786452,798202,806968,812389,827521,835089,855058,887546,902719,918467,928475,942992,956430,979940,989101
Lead	8396,13999,35454,37738,40122,62609,79039,93888,106030,106030,116019,170719,171547,185224,187486,191316,192966,197163,204831,204916,220058,247212,277537,300494,307872,315229,315741,318019,354583,383176,428737,456641,458390,461378,463627,466407,467943,467944,467945,467946,467947,467948,467949,467950,468081,468081,468082,468083,468084,468170,468171,468172,468173,468174,468175,468181,468182,468183,468184,468185,468186,468187,468188,468189,468190,468191,468192,468193,468196,468197,468199,468200,468201,468202,468203,468946,468946,494665,494904,503607,508167,509221,520879,522752,566487,567004,582913,594093,599396,602073,608633,610667,611633,621765,672201,673343,680279,724582,734417,738126
Led	70514,83016,108864,185629,195525,210915,242642,243953,391674,431766,464323,468726,468729,468730,468731,468732,468733,468734,468735,468736,468737,468738,468739,468740,468741,468742,468743,468744,468745,468746,468747,468748,468749,468750,468751,468752,468753,468754,468755,468756,468757,468758,468759,468760,468761,468762,468763,468764,468765,468766,468767,468768,468769,468770,468771,468772,468773,468774,468775,468776,468777,468778,468779,468780,468781,468782,468783,468784,468791,468799,468802,474431,478036,540283,551847,566969,596074,627159,632648,635216,639765,677924,833143,856037,999142
Life	85,1617,1686,2418,2618,4775,5460,5917,8641,8643,8644,8645,8646,8648,8651,8655,9385,10758,10794,11101,11937,11989,14350,15977,16210,18418,20276,21569,21833,24538,26787,27240,28422,29346,29546,29546,32922,37738,37891,38406,39947,40135,40825,41302,43310,51801,56769,56769,58943,60534,60669,60676,63903,67004,71359,71395,73352,73579,76176,76204,76428,77188,78144,78676,80179,83945,84102,84176,86128,95687,97714,99832,102971,102971,104573,105207,105545,107336,112612,116779,116857,117085,117634,117676,118470,119738,120988,121472,122077,124951,129607,139228,142324,144409,149067,149539,149752,153404,155527,155988
Live	268,556,2981,6421,6875,8404,10671,10688,11105,11989,12585,15067,17331,17331,21722,24651,25559,25918,27745,27901,27912,31130,32651,32652,33631,41298,42150,44525,45716,47352,55757,60839,61125,62893,63560,67057,67059,67173,67184,67185,67262,69444,69468,69596,69648,75805,78029,81806,84149,84253,84527,85133,85542,86460,87017,87047,88065,89472,95140,96509,97575,97786,98977,100755,101418,101425,102664,102665,102929,102975,104519,106889,106890,106891,106891,111695,111977,111978,114219,115077,116650,116956,117716,118427,120248,121914,123024,124501,124562,124877,125599,135650,135673,137536,138174,138794,141098,144351,145268,145424
Mad	2049,2325,15008,20233,75978,84839,117943,125019,128296,143167,196480,202232,234389,240544,252662,323067,337762,344432,352695,362066,364257,439605,448579,451748,471770,479652,481073,481153,481154,481193,484775,491663,596849,601336,613346,622833,639207,639658,642104,678453,689789,693960,727208,739278,761535,763296,763296,763306,768137,770694,771704,792553,804190,824417,874097,874996,885751,886340,897839,908930,930510,933307,982212,989449,995163,996379
Made	7543,31324,31324,40023,40024,43800,46195,66420,83925,85897,86320,102045,102179,107402,114874,160758,174328,190246,196671,198303,208335,224249,232948,242403,250440,260880,261704,264248,275932,282854,290348,297709,304987,314394,326133,335910,346123,346565,355574,357061,367883,378752,380054,380505,383685,386584,415005,429947,437534,450405,468352,468863,477489,480961,480962,480963,480964,480966,480967,480969,480970,480971,480972,480973,480974,480975,480976,480977,480978,480979,480980,480981,480982,480983,480984,480985,480986,480987,480988,480989,480990,480991,480992,480993,480994,480995,480996,480997,480998,480999,481000,481001,481002,481003,481004,481030,481031,481032,481033,481034
Or	9356,28192,32337,34831,54815,64488,72195,72198,75778,90931,115272,115388,155163,166948,186497,189164,193950,195251,200596,236204,244007,245693,247631,247631,249046,249162,261973,264078,282321,283970,290326,327186,368586,370629,385971,388227,388680,388985,389426,391494,411015,425707,427242,440251,449813,460093,467118,475390,478645,479329,501554,517441,552180,557187,557188,557189,557190,557191,557201,557202,557203,557204,557211,557212,557213,557216,557218,557219,557263,557264,557265,557266,557268,557269,557270,557271,557272,557273,557274,557275,557276,557277,557278,557279,557280,557281,557282,557283,557284,557285,557286,557287,557288,557289,557290,557291,557292,557293,557294,557295
Past	39699,72042,90695,132000,149683,159126,249162,251010,252949,278983,300184,304367,382739,451245,451304,454544,466136,472627,472693,506876,513918,569458,569459,569460,569461,569462,569464,569466,569469,569470,569472,569473,569474,569501,569502,569503,569504,569505,569506,569507,569508,569516,569517,569518,569519,569520,569521,569522,573718,583218,591384,601818,630836,632856,636649,679844,745516,760939,766064,823769,847440,864990,872823,880859,884645,912154,917272,967552,985679
Peace	1677,3688,4219,4347,4514,7653,8192,8680,13383,15000,15623,15623,15903,16163,16595,19807,21111,25837,29003,32869,35440,36457,40049,40644,48846,51833,53394,55429,60007,64430,72017,75715,83444,84271,84699,88947,91253,93353,93353,96180,97779,97875,106120,106856,121189,140404,149529,153647,156379,167026,168962,181186,184756,185525,185979,186101,187253,188608,193585,193743,194308,194352,194776,195533,199334,200556,201303,208188,208813,214092,218328,235447,235447,239608,239615,239617,240658,255608,259340,261563,266191,266411,267277,269149,269165,269985,270988,273421,273710,273930,273930,279692,285546,290811,295037,298396,299269,299437,307655,308198
Piece	4098,4098,4223,25924,31746,36327,39220,51043,72647,75805,81412,106376,117500,124877,157099,173953,185000,192700,194765,196213,201655,202552,204690,217382,240666,243614,244099,248285,282770,297026,299491,334415,337915,377570,388177,413746,422255,446328,477164,477440,479768,519803,519886,519907,527246,538760,548548,548549,548550,548551,548552,548555,548556,548557,548557,548558,576487,576488,591097,595448,605946,634615,638063,642169,659505,682930,692571,696640,706555,708867,738942,739308,739368,756588,757748,768528,769200,784747,794730,820726,827511,828720,857676,878391,885620,905742,926736,950685,965171,972342,990582,998486,999829
Plain	28276,111325,118954,136667,152738,190269,193932,290313,293975,306526,362421,392183,559058,577367,577368,577369,577370,577371,577372,577377,577378,577407,577408,577409,591692,601903,635051,672404,727773,749664,778585,782692,788087,821610,824403,829549,853947,869800,894972,901168,937650,981310
Principal	9199,18524,35140,39875,41304,41450,44682,75388,78358,85705,85782,86129,91720,95007,95728,102806,114974,118292,118292,152168,153568,156742,158980,160214,163534,175612,175899,194111,195999,196821,201857,201879,216492,222090,222981,222982,222983,225122,229313,240753,267426,275743,285916,302723,326996,351985,356751,368168,377968,381683,393906,395792,405727,445538,446484,447904,448459,457308,458422,463444,464770,467255,490392,491390,501782,504062,507071,507145,513255,518401,521335,528459,542444,550451,550996,551991,559301,567505,570008,571530,576383,586600,586601,586602,586603,586604,586605,586606,586607,586608,586609,586610,586611,586612,586613,586614,586615,586616,586617,586618
Provence	11567,88089,99920,156506,235568,303182,413473,588953,699893,762396,906354
Province	5764,6716,8942,24493,45321,51989,61581,65185,70317,71957,87637,93851,101646,102618,118611,118611,118611,121348,153751,158324,168598,184073,200807,215004,215331,225004,233280,239622,246372,252088,262964,283314,284834,287512,295623,301877,310398,352973,358045,358846,391674,392710,395892,449404,476999,477287,493463,500899,501552,501893,513279,524325,528294,528344,556717,560836,561801,564267,572810,576704,576704,576704,579936,588776,589067,589068,589070,589071,594136,597300,600583,611015,619961,622309,624802,625540,625855,627181,640091,658744,675093,677221,696456,699169,702534,706982,708241,716856,716994,723946,739099,740860,753329,765654,770277,785979,790991,791001,791008,793320
Quiet	1778,23587,23588,26990,30844,30845,36406,41485,70893,70894,70895,88936,105829,109137,113119,165139,196792,197300,201937,215782,219560,224407,245510,249174,252564,311211,312297,337740,358151,387626,415280,443397,464818,476437,491819,529186,530355,591361,591362,591363,591364,591366,591371,591372,591373,597350,618205,647843,652647,665914,691800,750961,761642,780719,792103,792105,831340,844852,920024,953968,957332,996449
Quite	43898,64314,95317,203463,203977,364064,387833,486243,509550,591448,591449,591450,591451,591452,591453,591454,591455,591456,591457,591458,591459,591460,591461,591462,591463,591464,591465,591466,591467,591468,591469,591470,591471,591472,591473,591474,591475,591476,591477,591478,591479,591480,591481,591482,591483,591484,591485,591486,591487,591488,591489,591490,591491,591492,591493,591494,591495,591496,591497,591498,591499,591500,591501,591502,591503,591504,591505,629557,910929
Rise	12068,19053,20759,24458,36826,37501,50817,57236,77563,101313,116568,118131,121018,126056,126056,147166,151321,153183,154880,154893,169294,176278,176279,179688,182859,188017,188048,190644,200295,205085,214173,214174,214175,223113,224198,234018,247766,257715,258619,258619,274994,285890,290748,296652,297820,299389,327043,328548,338104,355402,358047,374376,378980,382788,389903,390227,411127,414844,428464,434285,449194,455588,463836,468846,472984,473033,482626,491533,501280,507820,509934,512316,524396,533074,540063,547713,563186,564350,571520,578192,589998,595350,595470,596902,602025,603526,603527,603528,603529,603532,603534,603535,603536,603537,603540,603541,603542,603543,612394,612577
Safe	6187,10195,10528,10528,24613,25930,31135,48530,50039,55217,60296,76671,77765,83921,88988,110148,117924,118472,120027,122564,128314,151637,156205,157458,161315,168895,172235,176192,179241,195655,195671,196414,197533,200659,216795,231334,232061,233400,244856,245073,248459,253592,283091,286138,295607,300336,314801,320509,331363,334491,352284,355505,361040,364597,365069,369759,380793,388531,388532,390269,390653,405115,407552,447991,451099,463933,464702,465592,469355,470308,472013,481457,490395,490421,494016,494016,494751,519059,519059,521453,530573,538334,539262,539708,553709,578939,582527,586809,596802,600731,600857,604069,604135,606645,609310,609311,609312,609320,609321,609322
Save	1740,3672,6806,8342,21496,27863,36051,40611,40909,49621,61908,62672,62672,64399,65911,74301,88327,94654,94742,96497,101351,101915,105207,113042,132000,134351,137094,146933,150005,157417,169327,190086,190999,191025,197031,201180,216380,216697,219101,220483,231451,235268,240264,247468,251566,259002,272691,275900,300225,302843,306126,315322,315324,315325,335337,335946,355063,362465,367321,367321,375665,380995,381016,391498,416507,444957,446143,463407,475612,475678,476265,482266,485546,488024,491641,498051,501396,501588,501894,507994,509725,526361,527453,527454,527455,543472,543596,546995,555439,562466,569524,569875,572599,588864,592625,599460,599460,600707,612328,612329
Site	3135,16074,19678,64758,68553,69893,76964,78376,79129,80220,88295,160759,161876,203301,203301,240631,312794,338263,352617,356107,376420,409315,436856,453683,466087,466714,468106,480007,487396,499128,512321,520130,531979,544073,546584,549104,552507,579155,588040,609602,611590,640211,640212,640213,640221,640222,651853,672215,696156,698481,702058,703113,708875,727542,728041,730068,748009,749361,755304,755304,757352,776713,784074,784074,796502,802773,813724,820086,820780,821468,821468,824403,837610,845097,864767,867060,871492,879322,880547,891861,899432,906376,920662,955217,984936
Split	85897,96539,113073,123635,156104,186972,214187,358124,366326,377801,437742,447312,481899,511317,601801,636660,660216,660217,660218,660219,660220,660222,662312,713245,716282,823787,893504,919631
Than	32715,65311,94402,113021,113412,113439,114946,115192,123305,128096,147471,155575,206169,218466,235636,254725,259530,338468,346572,361722,376788,389534,426046,449890,466785,503607,530336,541004,562856,572755,587244,591164,595534,628440,635525,655869,662280,678501,680681,689099,721706,729548,747278,780570,835293,853728,881753,891638,905417,919642,958707,964248,972665
Their	3362,3363,10590,18059,24401,27447,32323,40023,63155,64323,81379,82539,85462,85786,106103,117157,123541,123729,124574,141020,163337,163341,168588,175901,192696,196262,203730,205117,258996,283715,305125,305660,344553,356834,365792,386409,431984,448154,462422,473782,473807,481162,488654,494308,494423,512570,517650,519762,526570,556767,589551,591764,592046,614476,636025,645191,649457,655525,664121,670487,670848,691217,700509,704053,708789,718082,739355,754071,754072,754073,754074,754075,754076,754077,754078,754079,754080,754081,754082,754086,754087,754088,754089,754090,754091,754092,754093,754094,754095,754096,754097,754098,754099,754100,754101,754102,754103,754104,754105,754106
Them	35414,62745,115400,259062,282321,338451,352581,356834,386483,416551,432226,465965,521404,522209,533233,537860,560864,560893,586148,597741,599772,601833,666747,677686,734307,740495,765749,766913,766921,767232,767986,770211,770219,770648,778101,813033,905098,924396,950053,964981,974961,993162
Theme	137318,180618,187501,187833,478409,511630,667469,765770,766388,766509,813142,820442,893172,915555,949407,978200
Then	2351,6815,16576,21306,43760,49579,67638,103725,140105,165101,166401,179762,220752,264837,269420,269421,291926,300575,305108,328445,332995,336099,337525,351904,355061,387540,401948,410884,441644,448154,449642,454857,481576,482325,488643,488717,524958,532098,532100,532101,536187,542743,542956,543903,550903,568790,584148,586042,594371,602893,621834,621835,630138,637832,663583,673359,699864,699866,731131,770701,770703,770705,770706,770707,770711,770714,770715,770719,770720,770721,770722,770723,770724,770727,770729,770730,770731,770732,770733,770734,770735,770736,770737,770738,770739,770740,770741,770742,770743,770745,770747,770748,770749,770750,770751,770752,770753,770754,770755,770756
There	280,280,1114,5637,7844,9801,10674,12863,13529,13751,14879,14955,15572,16322,17266,18236,18360,20135,21133,21854,23932,24354,25540,25572,27605,27608,28133,28341,32742,35445,36710,40327,40487,40904,42329,42399,42660,43430,49685,53164,54703,54721,55891,55959,58575,59552,59822,60938,61626,62564,63923,64227,64325,64326,64568,64662,67675,67726,68953,70729,72214,72234,72244,72264,73022,74358,74780,77580,78190,78400,81728,83065,83072,84944,85048,87290,87550,87944,88477,88478,88871,90541,91174,91750,92433,92706,92786,92788,92789,92790,93046,95868,100895,100985,101027,101178,101653,102182,102678,104611
They	1375,4345,4818,10592,11649,12883,16545,19179,20027,20944,21635,22405,24450,25730,29909,33601,38471,44015,45190,45709,46790,50945,54283,55436,55914,58245,59216,61627,62565,62873,63559,63562,64330,64331,65005,65411,67726,69446,70957,71005,72338,73260,73581,79565,80628,81508,81742,81835,81869,81920,81950,82019,82040,82115,83148,83959,84037,84698,85522,89159,90884,94798,97848,102090,102395,102756,105335,106932,107146,117608,122536,123446,123665,123729,123796,124684,124884,125538,126418,129789,130191,132735,135010,139614,142592,146912,147921,148385,151866,153105,153278,156131,156604,158903,161933,166401,173440,173464,173576,175211
Things	9156,17783,31976,37706,40662,44196,51844,85523,96304,102729,103218,111683,115898,123478,152196,156603,156927,169560,172282,178202,179298,180595,180595,201471,201995,204870,212625,215171,220802,223977,223977,230933,244363,261305,265881,266571,269254,271336,274628,280543,280545,287642,287643,290752,291435,297800,301699,306542,308195,316070,318241,318304,318993,324009,329957,353993,356337,358987,359228,365758,366965,373109,382775,390511,411860,413818,431103,441278,455499,455554,456910,463098,474010,474669,480532,481250,486901,498250,501288,510859,512713,519865,519906,526304,550295,552927,573477,585502,588468,589554,591195,603909,615444,619881,621294,624934,626225,627492,629421,630511
Three	2797,2977,4035,10470,16295,17149,18397,19053,20531,22807,29142,37284,38317,39661,41350,42707,45431,52851,57101,58757,63543,64748,65211,67983,67998,69452,70280,73832,76241,77555,79918,82069,85525,85526,88657,97776,99944,101324,101425,106339,107124,115514,117802,121574,137967,141137,141637,146738,152850,153914,155600,158751,159200,161890,162422,167694,171095,173641,174969,177238,177937,178856,180372,182913,185146,185368,185369,187191,189841,197873,200867,201218,206060,207085,214364,215944,218941,219588,219589,219669,224760,235618,236113,240666,240686,242511,250182,253161,257312,259731,265720,271228,276171,279358,284401,286048,292334,293532,295847,295851
To	431,7176,7730,8396,11316,11316,12991,13769,19264,20411,27422,27423,28201,32842,34310,40481,45603,47263,50173,56919,59879,62283,62551,63512,63683,64819,64819,66266,72264,72382,74778,75636,76186,76888,79991,81905,83778,84378,84379,84938,85527,87352,94182,94190,94192,95373,96217,97481,103075,103477,106547,106629,107180,108264,108490,110427,114180,114947,116268,117320,117896,120027,121968,122483,123414,123416,124724,124871,128193,128515,129633,137795,147499,149316,149316,149705,149836,149836,153898,154182,157082,158662,158932,158950,160388,160709,161072,161073,162305,162548,163737,165963,166212,168903,170372,170688,171401,173024,176835,177500
Too	26543,27422,27423,50238,63569,68874,80978,94352,96765,96765,115759,123305,152190,160814,173024,185781,207375,220275,228184,229361,230630,262439,270790,274193,286154,298844,338562,355225,381861,419921,440909,448974,455533,458197,459816,476757,478155,526896,533804,550037,558029,571230,609962,614493,621013,623305,623449,638098,641998,671161,673911,676623,689849,727070,731269,739182,744566,780822,817624,821272,840754,848835,878578,878745,894768,894769,894770,894771,894772,894773,894774,894775,894776,894777,894778,894779,894780,894781,894782,894783,894790,894791,894792,894793,894795,894796,894797,894825,894827,894834,894835,894836,894837,894838,894839,894840,894841,894842,894843,894844
Trail	15340,17020,17899,19516,24203,35045,37706,41349,41455,42232,59832,60143,60362,60681,64854,70940,71800,73019,74645,76209,80577,84639,91161,93431,94870,95492,96415,107186,116237,116759,125228,125229,136320,140186,147934,152472,152790,153738,156567,156567,161158,162171,162173,163006,167202,168514,171139,176583,179530,199353,206435,207924,207926,208099,212592,214349,215584,223371,227931,231617,232165,235978,244918,248425,249667,250441,251062,253820,257831,277503,280821,280821,283300,289782,294737,298029,301283,302574,313616,315823,340244,345700,351763,352169,352880,353386,353909,360404,367276,380018,380018,434598,446089,446837,449615,451116,468359,473746,473940,476031
Tree	1820,3548,9487,16662,17052,26743,27283,33032,38383,40034,41333,45954,69860,69917,69918,80247,82887,84416,84905,93212,94931,95382,98600,99805,100660,101729,105545,106956,114793,120988,121564,122372,125320,131683,145418,156613,159171,159238,159240,160422,161084,161084,163291,176476,178733,178783,179736,180280,183793,184343,187922,189667,189668,189669,194735,204697,204849,219766,222033,222056,226721,228240,232101,235946,236045,239154,242714,243617,245901,246330,251016,256368,281024,286218,296872,298044,306214,309047,318517,319548,323082,335567,340653,355896,365432,367962,368487,388482,392210,417526,418612,433890,433989,446040,450273,457060,461661,462907,469017,476344
Trial	1962,26182,61552,74075,77210,78234,80877,86423,93132,102498,105142,148723,175768,181655,188954,203860,247674,294560,301543,309322,314934,353038,385535,408653,450123,455852,459061,466147,467000,483665,568620,569636,584348,613597,636575,637001,637001,647531,670472,670976,671065,678297,706954,720940,723851,731100,797469,799121,812093,817937,834914,862309,877692,899222,899223,899224,899226,899227,899229,899230,899236,900113,900508,995717,998782
Two	1011,4049,7000,9944,10493,10743,13028,13848,14985,15353,16743,18868,23512,24383,26597,34651,35895,37926,40679,41307,41996,43076,44323,45168,49357,53102,57101,61163,61180,62065,64533,64933,69446,69458,71399,72171,76983,84176,85238,85435,90208,92762,99378,102948,105300,106907,109021,109600,111473,112507,112523,115498,115933,116674,116775,120236,121273,122869,122909,124574,126748,128165,131985,132019,134013,134568,136663,139591,141353,141817,143727,150658,150725,151403,152937,153434,153828,155480,155682,156541,163666,163676,163678,163681,167139,169967,171627,172106,173713,176120,177647,177938,181736,182533,185461,186116,188019,188148,188281,198353
View	2576,4198,5713,6308,14761,14981,16953,17950,19278,23766,26849,27938,34281,38180,38181,41309,41434,41792,42997,45102,60879,64854,71065,71818,73935,78573,88338,91951,93184,98139,105921,112106,117631,121519,121520,121521,124472,125425,147948,149901,154122,161897,177350,180862,181327,184257,193220,193734,194108,195126,195539,201645,201647,210533,214795,215750,215751,220496,226624,235616,237466,242088,245309,247704,253695,254807,257162,258625,260543,260792,281052,281165,283340,292926,297357,310122,310843,314294,315369,316319,322578,335382,338980,349057,351245,352011,353346,354383,355912,367736,376490,383350,383585,384035,385569,385569,385569,411427,417212,425270
Weather	319,4655,7767,7768,7769,8316,9175,9176,14971,16098,16196,16848,26805,29067,30937,31529,37765,45979,54536,64724,66644,78053,82273,83225,84807,93987,101340,101342,101390,101392,103865,104257,120866,120867,127789,135474,139658,144569,152568,156792,164416,164428,164429,164587,172151,176476,188986,213570,214548,231057,241471,244704,244704,246920,257294,258107,262064,267970,297989,301695,328664,330262,339846,346260,349595,351964,362786,364387,369238,380326,380656,385583,400089,405600,406380,410076,417439,420132,435192,448979,474191,482359,483640,486931,487904,491864,495989,495989,499708,500278,503290,503368,512452,517638,517639,517640,517641,517642,517642,518413
Week	1604,1929,3399,4116,5745,6846,7767,8313,8784,8980,13469,14044,14718,14754,14754,18254,20450,22588,23077,24609,24697,25003,25772,26646,26889,33226,33226,38376,38740,41141,45288,45289,45408,45425,45461,45669,45723,47271,48197,56640,57830,58113,60087,63560,67271,69418,72223,73207,73385,74588,76156,80179,80747,84163,84166,84632,86460,86787,88073,89035,89890,90305,90384,91109,93066,100416,100812,101377,101871,102138,102759,103545,103545,103707,103718,106170,106722,109031,109895,109906,111330,111677,111953,111965,112276,112287,113354,114928,115163,116206,116340,116783,117094,117676,119673,119717,120224,121902,122573,122627
Were	9114,74723,85326,103726,186363,206291,230450,245221,247606,301030,302402,313885,314727,329951,353498,365373,391072,443642,506704,520788,557483,591567,596007,652227,666298,707291,721755,739355,780898,886735,887963,939210,939211,939430,939477,939497,939965,940298,940326,940442,940444,940449,940450,940451,940452,940453,940454,940455,940456,940756,940791,941043,941093,941156,941263,941363,941422,941599,941606,941612,941624,941625,941626,941628,941629,941630,941631,941634,941635,941636,941637,941640,941641,941642,941643,941644,941645,941646,941647,941648,941649,941651,941652,941653,941870,941875,941915,941916,941917,941918,941919,941920,941921,941922,941923,941924,941925,941926,941927,941928
Where	3413,4830,9805,13742,14583,19543,22500,24654,29105,40276,40311,40363,40948,43492,58377,61933,63259,81680,82295,82545,92851,100091,100459,106425,106928,116185,126822,130333,149787,150356,151511,153301,161899,166784,169301,171449,189907,207213,213106,217692,220456,232430,233046,242900,245346,247888,252307,262021,264758,265654,274168,282338,283565,286349,292212,299389,300405,315446,319864,319928,334121,345614,355267,362408,365937,373363,373733,375616,382648,383294,385496,385742,386635,416551,427671,427704,432073,438412,442848,444935,450853,451085,452065,452864,457352,458001,462154,469950,471190,473731,481012,481262,483305,491902,512207,536219,537860,544828,556338,559865
Whether	49005,80002,88415,133622,136347,144232,164657,255080,266237,269466,274714,276861,288011,288012,288842,415304,536814,550686,571880,592411,621917,623638,630460,636459,669864,673120,804380,889043,962615,963542,963543,963544,963545,963546,963547,963548,963549,963550,963551,963552,963553,963554,963555,963556,963557,963558,963559,963560,963561,963562,963563,963564,963565,963566,963567,963568,963569,963570,963571,963572,963573,963574,963575,963576,963577,963578,963579,963580,963581,963582,963583,963584,963585,963586,963587,963588,963589,963590,963591,963592,963593,963594,963595,963596,963597,963598,963599,963600,963601,963602,963603,963604,963605,963606,963607,963608,963609,963610,963611,963612
Which	7001,10150,27425,39558,39857,42893,48616,64338,107233,110284,113038,145173,151246,151883,152311,155892,156696,160293,165168,166418,168641,168648,168663,168726,169436,179038,200863,201155,201555,203101,205167,206358,208619,208772,217462,220913,228496,247536,253993,282242,291434,309522,313941,316719,380708,385499,475390,475633,478721,479342,480183,481511,500049,521389,524604,548688,548714,568532,580010,590460,591284,591523,591524,591603,595769,595841,596230,605949,607047,633259,638089,643945,657446,672290,674135,675799,676228,676229,676230,697902,700309,700585,739253,759784,776318,779025,837132,846076,881257,894992,914784,936200,964394,964395,964396,964397,964398,964399,964400,964401
Whole	12175,39315,39455,55687,65336,80762,170025,176269,198214,198869,245289,254286,275533,318585,318949,338575,399001,408283,414220,427500,464676,508510,515744,566969,579106,595375,602290,607454,643084,660518,664215,673827,676159,680571,701537,711066,734274,739008,742967,769120,804192,804192,828761,843057,864809,874028,882189,892832,920269,921627,935541,946551,951888,951888,972937,972938,972940,972941,972942,972943,972944,972953,972954,994444
Witch	15653,16194,20277,32908,37616,71025,71025,80926,87205,132537,151209,165104,170991,183133,187360,187395,188820,188820,188821,200678,202727,216768,242948,264866,313265,315007,328036,356834,361479,375266,376360,381533,382124,398484,411086,423436,449225,449426,481443,485416,487966,500210,502952,516321,530735,577881,579790,580073,595503,612783,612784,613626,631022,632946,638936,668652,689782,697604,701956,721058,734376,734523,754491,755410,772363,808179,808867,812291,814352,823883,843324,843783,843789,843790,843791,868027,882505,883297,892717,892717,893695,967229,976883,976884,984135
With	132,7558,7968,14396,16689,18798,20708,24634,26060,27702,33302,33407,34586,37303,38570,40102,45716,54135,62153,62276,67726,69461,70287,71003,74516,76191,79807,83683,84205,87362,88530,92777,92982,93119,94927,95272,95277,99161,100686,101415,101995,102708,103228,105001,109147,109425,111270,113080,115951,116129,116129,116663,120123,120858,120935,121813,122841,124574,127270,134038,136768,139601,140285,146620,149005,149693,150458,151354,153484,154429,156343,157704,157957,158041,158315,160476,160846,161158,161918,162101,162411,162425,163189,164904,165080,165365,169442,170916,172534,173713,176752,176753,176755,176757,176758,177174,178120,178126,178344,179296
Word	7723,10629,19287,19287,43958,62180,68385,79584,112586,141424,156123,165689,166283,169676,173333,206665,226696,232975,253408,267791,275956,281871,299749,305885,315246,334058,360072,360073,361268,369263,377774,377774,377774,383766,386171,387398,437520,448725,465220,473568,480883,481686,491462,497251,512963,519180,522567,529837,546863,556580,556580,556580,560683,569484,570057,571992,584012,616732,625623,639360,640080,659749,693666,709796,737173,740939,762683,844317,859976,877075,889895,893318,901543,937450,954704,958627,964166,984357,984358,984359,984360,984361,984362,984363,984364,984366,984367,984368,984369,984370,984371,984372,984381,984382,984383,984384,984385,984386,984387,984388
World	338,838,1071,1135,1710,1959,2245,2349,2529,2950,3175,3199,3769,3835,4029,4298,4326,4442,4497,5223,6401,6725,7176,7487,7642,7968,8164,8361,8362,8363,8364,8365,8366,8367,8368,8369,8370,8371,8372,8495,8496,8850,8852,8900,9170,9185,10017,10092,10716,10757,11214,11898,11997,12068,12069,12789,13023,13404,13538,13726,13897,14196,14343,14703,14985,15267,15441,15569,15639,15885,15888,15927,16202,16708,16721,16783,16880,16962,17319,17613,17696,17740,17976,18058,18086,18188,18677,18677,18738,19456,19580,19759,19835,20026,20296,20614,20884,21197,21251,21437
You	150,1114,1576,2179,2248,2759,3853,4420,6899,7558,8404,9823,10016,10429,10979,11316,11573,11749,11989,11989,12971,13894,15629,15686,16279,16735,18050,18819,19313,19578,20219,20248,20487,21282,22030,22227,22355,22552,22730,23353,23512,23512,23512,23842,23857,24485,24702,25224,25257,26590,26786,27941,28295,28295,28342,28411,28958,29097,29119,29448,29698,29727,31404,31679,31975,32323,32323,32491,32851,32922,34831,36497,36511,39180,40834,40909,40929,42041,42329,42527,43570,43946,44154,44375,45002,45765,46172,46184,46453,47468,47516,47695,48268,48413,48964,49287,49567,49616,49665,49676
Your	3422,5172,5196,8396,8396,9735,11179,11737,11989,11989,13058,16735,17386,18050,23281,23982,25331,25778,28293,33376,36031,40822,40909,40948,49621,58943,61480,62277,63413,64014,64222,64589,66225,70747,72950,76131,80001,85737,89586,93212,95429,102578,108970,110284,110284,110284,110387,113058,113363,114127,117007,118178,121700,122046,123482,125084,130192,135311,136202,137442,145173,148386,149966,150288,150304,150344,150398,155544,156240,161081,161874,162200,162455,164136,166912,168300,169061,170544,172308,174550,174551,174552,174553,175261,176691,179065,179305,180513,185354,186646,187373,187779,188992,189321,189325,189336,190817,190878,193103,193801
accept	1446,1461,4711,5129,6646,8918,9916,10292,12969,13829,14715,15674,16351,17760,18450,19743,20835,21789,23261,24483,27428,27572,28374,28783,29396,29466,29862,30247,31760,31822,33737,34576,34778,35165,35345,35793,36205,36439,46831,46907,49999,50191,56564,56792,57398,58715,59294,61176,64128,66527,67277,74565,75106,75316,76925,76957,81003,81139,81312,81947,81947,82444,84285,88333,90432,92597,93057,93476,95560,97637,98022,102199,103891,108309,110249,114981,115376,118081,119693,120094,120667,122111,125481,126136,126246,127210,127451,128352,128365,130653,130956,131315,131425,131459,131485,132863,133063,133838,135514,141652
advice	3166,4758,7965,9957,10446,10849,11056,11134,12429,13406,13469,13870,14485,14757,14928,14955,16659,20483,20590,20713,20956,22407,22513,23241,25013,25245,25544,25651,26009,27136,27144,27451,27807,29366,29691,32365,32567,33768,33769,33769,33899,36214,36519,36949,41608,42152,43845,44014,44043,44380,44542,44717,46021,46776,47369,49116,49449,49635,50985,51418,53018,53985,54245,55072,56412,57154,58017,58594,59273,62201,62491,64658,66290,66426,66873,67423,67656,69462,69958,69980,73159,74604,74870,74919,75150,75863,75998,76129,76133,76286,76739,77571,77591,77635,77918,78892,80615,81316,81826,82025
advise	4106,4169,9807,22973,27943,31831,32667,37323,38055,44003,52600,54207,69980,75155,76202,76257,79201,85234,85327,85327,86373,88255,88887,98884,111776,111806,116029,123620,127253,135307,136892,144315,159387,163785,178187,181871,186946,187783,188366,207102,218366,234601,236498,237774,264760,269481,272005,277965,306130,306840,313322,317250,317251,317707,322558,324317,325909,327127,329974,331188,331200,335648,336238,337355,337469,337983,338061,340166,355681,366482,383485,385908,409283,420452,426464,440046,440047,443464,443946,443947,443948,443953,444282,444378,444931,451326,459809,465199,466047,471636,472495,474082,485664,486057,486971,495660,500440,509815,510940,513764
affect	3570,3765,5367,6271,6903,7221,8904,9003,9108,9439,11550,12315,12647,12965,15689,16652,22942,24665,25329,31206,31206,31570,33645,33801,34374,35834,35913,36865,38261,38348,39282,39752,40934,44933,46676,47932,48335,48485,48588,49449,50438,54372,56432,56842,57946,58197,58334,59149,59959,60232,60768,61054,63368,64271,65248,65293,66458,66461,66669,67417,67587,71217,72504,75919,76216,77180,77400,78171,78327,78921,81697,81767,81837,82479,83363,83883,84614,85227,87749,87762,88409,94780,95474,97054,97487,97988,100744,100804,101192,103566,105925,106250,107268,107417,109267,111771,112627,114851,117533,117887
affects	1845,5107,6468,7157,8593,11002,12145,16829,23579,26503,30118,31682,31748,34361,36315,36316,37082,37454,38439,40511,41508,48335,52590,53210,56426,58581,59954,63525,63846,66244,72407,73269,78569,89413,91007,94400,94813,100604,104210,104954,107417,107793,110928,120146,121185,126025,127519,128495,136723,162000,165420,169627,170106,176240,179574,186849,189732,194197,194580,205361,205363,214259,215344,217028,218581,219840,225382,233972,236649,245405,247103,248197,251053,255284,257727,259381,266866,269848,277892,281937,301163,308767,310210,313493,316327,317042,322542,324728,325536,326208,326852,331758,332343,335047,335047,338893,341128,344860,349561,352472
begin	31,1089,1828,2135,2141,2791,4779,5336,5858,6461,7255,7826,8209,8248,8514,9005,9253,9590,9754,9754,10666,13516,13693,14045,14300,14886,16106,16109,16165,16206,17058,17792,17994,18513,18567,18779,18798,18869,19118,19242,19316,19563,19563,20369,20672,21058,21141,21143,21238,21287,21334,22726,22754,23415,24234,24257,25524,27857,28130,30487,31218,31260,31263,31443,31681,31810,31883,32200,34326,35254,35889,36816,36948,37031,37212,37340,38260,38353,40436,40562,40587,40608,41784,42326,43425,43492,43594,43818,44455,44828,46969,47060,48013,48485,49606,49708,50621,50735,50826,51041
being	117,117,130,135,159,255,280,299,306,317,325,332,346,398,402,413,444,447,464,466,560,579,613,615,616,624,633,651,678,684,692,701,710,714,719,764,765,783,794,798,807,818,877,886,956,957,963,1004,1018,1029,1065,1071,1144,1245,1385,1393,1400,1407,1409,1412,1512,1528,1741,1777,1799,1836,1880,1929,1988,2102,2137,2149,2154,2276,2365,2367,2443,2464,2470,2487,2547,2548,2572,2704,2706,2713,2747,2772,2851,2911,3072,3144,3377,3397,3448,3478,3509,3526,3570,3571
bitch	128866,131048,189941,227650,233274,237336,268368,268421,343880,344626,387649,399947,439669,456080,459503,499962,537124,545389,545993,558671,558689,602902,632379,632379,635911,749147,749147,846549,856723,866943,905668,986845
brakes	6547,20225,22787,29890,33322,44057,75137,78938,93838,95485,99196,120842,177817,196168,203120,203120,206134,213950,218729,220162,232950,239795,281605,384466,394441,409823,426975,475830,489614,509300,517909,519075,657398,659170,659170,668226,670451,694564,703113,703345,726547,764582,786375,796119,814292,814546,824907,830285,873832,874705,914317,956284,962075,982508,982508
breaks	186,705,1542,7680,8266,9910,10014,11635,11905,13240,13709,15943,15988,17994,18034,18327,18641,19942,24145,24154,24561,24915,27002,28128,28535,29426,29427,32751,35116,35692,39060,40302,41713,42045,44889,46341,47301,48608,49969,50572,51930,52870,57261,60741,62293,63140,64573,65181,68253,73033,74603,75120,75682,76784,80613,86536,88308,88559,88638,89311,94662,98862,100809,103435,111533,121310,122334,123089,124084,124364,132354,133700,135048,146811,146972,148283,152394,154659,155204,155208,158568,158853,159759,160864,162965,164351,164404,167839,173553,173554,175543,176964,178845,181783,184565,184736,189581,192532,193525,193677
capital	320,739,826,946,1279,1472,1678,1784,1827,2521,3088,3722,3723,3724,3725,4006,4126,4147,4496,4565,4606,5482,6360,6401,6814,7669,7673,8073,8078,9015,9343,9725,9733,10292,10298,10378,11295,11401,11623,11817,12033,12436,12958,12961,13003,13159,13630,14058,17071,18130,19878,20195,22315,22790,22963,23183,23346,23529,23624,23976,24542,24812,24831,25666,25712,26557,26928,27160,28007,28007,28102,28244,29188,29872,30041,30288,31153,31447,31906,33465,34466,34826,34863,34952,35538,35887,35888,36744,37188,37624,37643,38034,38270,38372,38649,39542,39542,39615,40761,41048
country	39,513,521,940,1422,1661,1729,1733,1735,2094,2384,2412,2426,2496,2592,2594,2653,2699,2868,2954,3183,3331,3373,3395,3480,3499,3517,3549,3745,3747,3988,4006,4039,4138,4142,4179,4231,4268,4281,4373,4374,4374,4587,4590,4665,4694,4761,4795,4861,5072,5081,5082,5123,5200,5200,5389,5407,5407,5476,5479,5517,5519,5540,5545,5550,5566,5572,5573,5590,5606,5617,5633,5660,5674,5730,5735,5865,5906,5931,5938,5967,6196,6262,6398,6417,6471,6564,6795,6864,6916,6956,6984,7035,7079,7128,7269,7315,7328,7374,7462
county	107,792,1035,1070,1359,1391,1990,2104,2704,5183,6312,7270,7620,7630,8393,8393,8400,8505,9563,9743,9795,9824,9825,9829,9830,9831,9832,9833,10273,11231,11634,12194,12232,13265,13840,14918,15358,16098,16098,16585,16646,19408,20893,22305,22455,24838,28598,28812,29370,29641,29641,29880,30506,32131,32131,32367,33250,34451,35257,35752,36330,36848,37225,37435,37901,38760,38852,39158,41123,42138,42641,43168,44686,47822,49356,54154,55540,55597,55798,56693,58038,58803,59818,60014,60147,60248,60650,60668,60807,61150,61160,61356,61489,62105,62113,62269,62269,62612,66759,67599
crab	57371,62195,71666,102696,102758,106912,116855,138928,156054,231948,238807,256962,268766,277962,279033,287137,292455,297563,298351,310209,310209,347070,367128,382613,426737,460350,460569,472626,475506,476017,487526,506596,508585,515326,555751,559133,579496,595405,614983,631814,635460,640257,724828,743377,755297,763630,778565,778565,799950,801543,801814,803739,806780,808344,810146,831512,848630,898890,911487,930408,930964,931353,973448,982501,999615
crap	21233,44955,64650,73427,109061,109780,110676,141847,144140,155710,191055,244809,264709,314473,324088,329377,338723,342642,342838,349010,357305,361514,387473,388389,428989,438463,438791,440631,474923,485917,526488,537900,539983,572594,597511,651947,651991,655907,706953,738187,770011,795230,802613,802665,803251,849478,852726,864725,934408,935152,941943,945829,956034,973620,974110,992593,994593,998739
desert	1710,2051,9124,9169,11883,16742,20296,20893,22636,27333,31698,39447,45405,52155,61874,64573,80144,84467,90683,91913,98927,101286,110960,120384,125424,135669,137430,139094,144537,147921,159254,159254,165337,169328,173674,179875,188994,189888,193615,197241,200906,201495,207690,209896,210332,214547,217154,219384,219751,227403,234543,237133,241091,244294,246978,253865,253982,259483,277356,278539,279411,283306,292062,307325,315532,316468,326312,327467,327866,335364,336408,358320,359996,363283,368107,371096,374132,378969,378980,380683,387488,390175,404241,413242,414261,415368,415835,421681,425905,426470,428513,431032,431456,433137,434620,438912,440771,448496,455425,466995
dessert	2031,10320,13604,18519,36888,45284,69063,74329,75860,79187,88606,94417,103389,103411,116808,131470,133976,145171,147266,147861,156280,156285,170931,190661,205916,216125,229505,232088,232089,232090,235647,237999,239448,245004,255209,267920,290152,313882,323609,324403,325508,335842,359745,373799,385563,388987,394177,396904,417306,420074,424207,446421,451256,455589,464535,477424,479471,486879,500234,534972,543453,544912,554059,555478,569513,569529,573732,600141,602284,611930,617954,623189,624490,626908,628166,644961,660316,672227,676315,685682,692767,701690,703597,708080,709042,724273,724274,729782,739265,739266,755470,757848,759990,765428,765755,766481,769180,774396,777339,788396
ease	5570,5606,7201,7259,9366,9483,11384,11807,12195,13189,13691,14251,16390,17879,22180,23267,26126,34206,34866,35310,35736,36078,36160,37470,37732,43326,43992,45476,46167,48704,49030,51854,52290,53112,53664,54035,56136,56898,58403,58826,59109,60441,60987,62124,62330,75608,76316,77993,80954,82736,90423,93370,96927,98422,99318,100929,103084,104408,104951,110783,112642,120308,120331,123302,124273,125216,127028,127737,129675,130644,133243,139047,139055,139528,139675,146072,146081,146102,147035,147515,149161,154091,155733,158866,160481,161402,162304,162521,162879,165435,165678,170549,170625,172374,172653,173846,175482,176423,179121,180406
easy	129,831,2804,3303,3695,3752,3976,4010,4520,4569,5446,5548,7428,8889,9091,9910,10529,10866,11131,11451,11469,11639,11660,11725,12165,12209,12311,12458,12774,12867,12867,13437,13883,14162,16567,16989,17018,17461,17773,18495,20190,20784,20914,21260,21340,22993,23017,23194,23238,23818,24999,25503,25847,26775,27942,28330,29044,30161,30339,30711,31857,32099,32327,33559,33627,33742,34661,36079,36251,36378,36612,36624,36625,36643,36684,36724,36869,36961,37427,37468,37681,38185,39278,42588,43825,43966,44505,44856,44858,45536,46101,46428,46699,47278,47329,47905,48284,48293,48366,48477
effect	290,308,1401,2184,3678,4098,4571,6215,6647,8073,8842,9098,9142,10245,11454,11640,11863,12766,12849,13270,13329,13452,13499,13500,13763,13971,14230,15020,15405,15856,16196,16226,16227,16228,16229,16230,16583,16610,16667,16690,17081,17081,17207,19078,20338,20472,21767,22050,22645,23230,23230,24813,24930,25284,25634,25827,25828,25829,25830,25831,25832,26503,26695,27099,27281,28285,28844,31257,31563,32506,32694,32775,32779,32895,33198,33621,33965,34569,34967,35398,36256,36346,36649,36671,36673,36968,37224,37250,37555,38283,39756,41722,44056,44966,45065,45360,45360,46991,47051,47429
effects	1320,2970,3392,3874,4029,4142,4297,6996,7758,7802,8028,8106,8565,9050,9314,11312,12119,12235,12339,12377,13678,13679,14283,14577,14679,15647,16010,16100,16717,18503,18740,19806,19861,20124,23546,24981,25798,27868,29226,29655,29663,30009,30330,30331,30938,30966,31290,31713,32952,33241,33313,34378,35378,35969,36115,36115,36214,36671,37024,37291,37438,37735,38800,40940,41185,41424,42247,43441,44071,44225,44908,44933,45175,45374,49189,50735,50957,51338,52755,54762,54772,55729,55795,55800,55929,55971,56035,60426,60576,61251,61979,62275,62995,63515,65030,65249,66387,67967,70921,70983
except	3982,4342,10214,10318,11689,11823,12423,13585,14078,17349,21941,29174,29175,29176,29180,29605,29690,29759,30019,30554,30625,30745,30789,31102,31341,31514,32604,32694,33490,38085,47011,50437,51472,52692,53364,58140,59190,60517,62440,64935,65049,66045,68718,72071,74719,75596,76721,79346,79603,79648,81715,81805,82657,84828,85256,86804,87467,88722,88837,90583,91496,92734,93132,95653,99345,100689,104530,105928,109535,111706,113103,113366,113449,115533,117560,117595,117657,120069,120626,121597,124251,127604,129013,131278,132035,134885,139530,140582,142518,157015,161536,161641,162490,162663,164694,164695,166361,168795,170388,171807
extend	359,2132,3105,3105,3729,5586,5925,7687,7690,9649,13168,13638,17415,17842,18735,19155,20214,21974,22814,23172,23525,26159,26607,36492,37329,37523,37578,40714,41788,43249,43559,43674,44220,45752,48106,54697,55393,57534,64743,68269,68660,71482,72852,73994,74929,78050,82550,85541,87067,87234,88001,88260,91654,91763,93962,94744,95557,96668,97299,99184,99278,100797,101158,102214,105913,106601,108427,110622,112517,114075,114519,115799,118972,119005,122174,125139,125615,126116,127857,132080,135241,141680,143422,145889,150691,150747,153569,156399,156701,157325,158795,158857,159705,163205,163940,164173,164175,165438,166859,167109
extent	4664,7417,8374,9446,11810,12741,13316,15584,20397,22098,23272,26382,29753,30492,31984,33734,36281,36510,36514,36780,36887,39587,40094,40210,43359,43401,43840,46410,47573,49649,49700,52782,53048,53504,53917,55210,55948,56828,56909,56917,56918,57080,57937,57946,58389,59453,62927,65564,69973,75919,76379,76951,78567,79101,80989,81742,87838,89442,89697,91862,92776,94694,96078,114512,114670,116245,117688,126095,126369,127041,128452,128904,129589,129687,129891,130373,130569,136581,138615,138815,138955,140624,142141,142460,143091,144609,145499,146235,149386,152366,155110,158894,163625,168055,170788,172981,173872,174184,175282,177710
feat	12517,15364,17448,22441,36814,47821,48244,52284,58221,59470,75125,92287,98657,106405,111331,116285,117312,119883,125119,130218,137132,140238,141190,145327,153565,155897,161493,167287,168216,179183,183452,185333,189633,193674,209189,217209,232194,238372,240822,246764,250754,258529,261569,263101,268056,269151,272872,276145,278255,278545,286979,287679,299683,302915,306706,313742,322057,352695,354354,354584,357162,358323,361207,362562,363483,363553,364242,369636,371348,379926,398815,404314,406628,406648,413116,415694,419247,421685,422993,423136,423206,425617,427214,433337,433341,433359,433672,436967,445277,453558,458102,460594,460596,468788,471758,479937,481868,483859,491993,494438
feet	688,876,1141,1926,2362,2624,2652,4477,5274,6651,7175,7304,7403,7768,9711,9711,9711,10141,11095,11287,11724,13639,13976,14191,14925,16100,16813,16844,17310,18460,19412,19776,20652,20695,22341,23411,23864,24307,25589,25830,25831,25976,27256,27820,29386,30500,30500,30992,31343,33240,33497,34798,37020,37761,38077,40116,40603,40603,41930,42165,42958,43514,44237,44248,44376,45731,48605,49160,49745,51663,53189,54536,55649,56606,57535,57708,57708,57708,58245,58952,59326,59354,59598,60389,60773,61083,63012,63772,63907,64176,64265,64379,64510,64724,64796,66030,68517,68631,68793,71233
few	132,378,379,1140,1178,1419,1590,1661,1959,2070,2471,2509,2706,2780,2970,2998,3221,3715,3931,4118,4329,4397,4410,4473,4523,4731,5126,5435,6267,6649,6651,6804,7104,7212,7242,7756,7846,8677,9040,9285,9294,9328,9379,10198,10212,10410,10822,10895,11007,11078,11237,11455,11456,11457,11458,11599,11639,11858,11859,12985,13142,13149,13230,13260,13528,13977,14092,14598,15033,15136,15197,15223,15343,15456,15457,15458,15459,15460,15461,15462,15463,15464,15465,15466,15467,15468,15469,15470,15471,15472,15473,15474,15475,15476,15477,15478,15479,15480,15481,15482
form	1246,1335,1787,1807,1858,1893,2377,2423,2840,2843,3623,3816,4127,4601,4653,4861,5832,6607,7096,7319,7347,8375,8771,9642,9814,11298,11595,11704,12289,12289,12413,12424,13070,13287,13899,14446,14927,15241,15758,15839,15869,15994,16521,16522,17112,17701,17784,17991,18030,18032,18232,18644,18854,19131,19168,19316,19511,19762,19944,20383,21057,22162,22284,22609,22609,22746,23133,24978,25150,25931,26767,26997,27647,28391,30026,30382,30512,32424,32547,32625,33067,33427,33906,34345,34367,34841,35911,35935,36048,36142,36593,36727,36855,36869,37278,37300,37359,38110,38195,38467
forms	2353,3052,3539,4298,5699,7319,7387,9414,10813,12558,15863,18683,20554,21566,21797,22878,23550,23647,26115,26287,28677,29278,30619,31552,35881,35953,37180,40864,45310,45753,48405,55512,55990,56834,61695,64737,64911,65257,68810,69999,74432,74625,74784,75234,75234,76191,76345,77856,77863,79767,80598,82001,85468,86303,86762,86887,90619,92280,94531,94569,95814,95891,97028,99902,100045,102154,102556,106528,111683,115191,115516,115696,116813,117162,117232,119528,121911,122015,123304,125240,126126,126802,126833,127148,128024,129395,130205,137110,137740,137799,139093,140386,141860,148594,151084,151796,155031,157507,159684,161467
forth	190,1296,3033,4143,4617,10913,16924,17038,17814,17873,17935,19908,20349,20628,20786,21220,21520,22247,24213,28433,38387,45558,47405,47798,49458,52323,52323,55253,55306,58169,63166,63865,64732,64897,69280,70444,75831,78422,78807,79058,79309,85605,86094,87110,90884,94355,96179,97798,102419,102420,102421,105380,110084,110806,113720,118212,120445,121039,131957,137383,144605,147279,148521,150146,150694,162843,165204,174698,176572,178277,178382,183462,184126,186265,194682,195441,196678,196948,198164,199191,199269,201744,201817,206878,215952,218783,223936,225924,230293,235900,240138,240179,244486,245724,248229,253476,262849,271402,275251,275629
forums	5625,14146,36181,47361,48512,68148,83781,95524,155813,157590,158366,172231,172615,183921,187839,187840,198857,211060,225302,238577,243738,250383,281390,286603,306594,308148,309559,310610,310846,329328,334755,353543,354754,355082,360407,364997,367854,372681,379633,381949,382585,384912,413843,439316,451994,479980,510369,510848,512315,514295,535558,550950,555932,566531,566775,568674,570948,571072,614649,617867,634281,636988,646491,668275,674414,682336,693263,716992,727841,751665,776740,809455,813617,815902,822449,839269,846004,865573,867065,900867,907767,925402,973218,979614,991481
found	25,236,364,392,413,427,443,464,470,482,490,523,530,534,535,536,537,540,543,545,547,552,553,554,556,559,561,562,564,565,566,567,568,570,571,574,579,582,583,585,586,587,590,592,592,593,594,595,616,646,652,704,726,738,761,799,830,845,850,853,882,888,919,963,1012,1040,1044,1063,1070,1076,1083,1225,1345,1350,1351,1390,1550,1633,1908,1991,2164,2229,2279,2316,2319,2320,2321,2322,2324,2328,2329,2370,2483,2576,2747,2778,2905,3012,3033,3096
fourth	360,1170,1296,1311,1389,1807,2007,2054,2744,3900,3966,4102,5914,6206,6345,6405,6628,6808,7218,7232,7517,8074,8083,8541,8598,8600,8602,8699,8782,8892,8952,8991,10356,10672,10714,11080,11437,11545,11559,11793,11936,13467,13912,13914,13921,13946,14492,14776,14779,14788,14822,15039,15057,16007,16007,16552,16553,16554,16555,16556,16557,16558,16559,16560,16560,16561,16562,16563,16564,16565,16566,16567,16568,16569,16570,16571,16572,16573,16574,16575,16576,16577,16578,16579,16580,16581,16582,16583,16584,16585,16586,16587,16588,16589,16590,16591,16592,16593,16594,16595
from	40,43,64,70,72,72,73,107,116,132,136,174,194,222,225,267,271,327,337,351,362,364,365,372,375,379,379,398,398,398,406,407,408,411,416,421,422,422,427,439,440,440,450,453,454,454,456,472,479,496,499,507,510,512,514,517,517,519,522,540,542,553,578,584,585,590,595,610,624,629,640,644,650,650,651,651,660,661,668,679,684,685,686,687,709,714,717,727,729,744,748,752,756,758,759,760,766,768,770,771
fund	110,110,110,303,320,844,1298,1912,2137,2167,2169,2224,2844,5456,5809,6649,7458,7459,8693,9415,9547,10244,10596,11915,12294,12452,14134,14239,14258,15503,16012,18201,18201,18678,18780,19592,19854,20111,21066,22815,23048,23183,23335,24192,24737,26228,26705,27290,28797,28939,29238,29377,29472,29532,29897,30068,30848,31813,32432,32438,32662,33239,34672,35164,35725,35814,36159,39425,39795,39917,40883,41199,41993,42047,42341,43275,43613,44366,45444,46606,47267,47607,47655,47968,50450,53043,55879,55926,56330,56782,57006,58066,59420,59594,59834,60277,60747,61069,61468,61826
hole	1430,2224,3405,5317,9198,9875,13728,13836,17187,17551,18436,18874,18876,20112,21305,21570,21880,22807,25031,26708,26929,27163,28943,32262,35035,35199,36455,36814,36814,38754,38754,40379,40379,40679,42192,44115,44180,45917,47143,47173,47205,47936,51455,51549,54629,55054,55802,58231,58901,60083,60814,61034,62358,63004,63454,63976,63996,65554,70264,74629,74694,76503,81420,85752,85996,86772,87549,88175,88354,89306,89306,89603,91766,91817,94038,94696,95671,97246,97368,98134,98140,99406,99871,100064,100121,101023,102751,104383,105846,107321,107809,109593,110899,112125,113201,113299,122805,127300,128100,129394
lead	360,866,902,915,1066,1189,1312,1469,1571,1571,1585,1664,1708,1955,2016,2112,2178,2355,3016,3081,3082,3116,3809,4076,4086,4213,4429,4462,4639,4882,5448,6353,6560,6735,6742,6933,7039,7153,7377,7377,8311,8798,8925,9305,9328,9487,9488,9526,9765,10121,10128,10280,10338,10361,10363,10483,10535,10720,10751,10970,11282,11468,11738,11745,11787,12000,12078,12103,12142,12342,12529,12565,12565,13260,13468,13623,13768,14038,14257,14268,14623,14900,15175,15498,15547,15569,15923,16116,16189,16274,16484,16652,16932,17017,17025,17025,17117,17193,17227,17320
led	558,1320,1344,1554,1600,1725,1815,1844,2010,2250,2260,2269,2461,3115,3146,3317,3369,3828,3845,4093,4347,4435,4595,4723,5066,5304,5484,5670,5965,6300,6461,6613,6746,6869,6941,7207,7234,7254,7272,7737,7765,7769,7962,8022,8325,8702,8914,9137,9315,9322,9643,9773,10074,10324,10406,10437,10950,11020,11152,11214,11287,11644,11883,12619,12930,13245,13292,13413,13417,13483,13687,13687,13844,13995,14227,14240,14311,14507,14624,14671,15177,15416,15941,15949,16009,16028,16118,16251,16283,16640,16903,16994,17068,17153,17240,17322,17362,17460,17714,17851
life	315,454,552,552,656,663,710,763,959,1283,1345,1423,1471,1501,1519,1521,1625,1652,1713,1929,1970,2081,2112,2273,2311,2325,2365,2389,2393,2401,2867,2934,2949,3025,3031,3047,3130,3164,3179,3347,3387,3491,3506,3700,3858,3944,3948,4001,4003,4042,4121,4238,4421,4463,4539,4800,5209,5376,5377,5383,5394,5394,5771,5802,5865,5945,6199,6743,6934,7301,7485,7686,7710,7829,8085,8140,8377,8399,8635,8636,8638,8639,8640,8642,8647,8649,8650,8652,8653,8654,8656,8657,8659,8660,8661,8900,8901,8922,8962,8965
live	268,691,1120,1148,1409,1503,2569,2592,2646,2646,2677,2922,2924,2998,3188,3285,3436,3676,4014,4016,4036,4316,4709,4793,4800,4806,5377,5796,6314,6560,6994,7320,7397,8140,8274,8367,8507,9240,9434,9546,9792,9946,10740,10969,11137,11195,11226,11615,11699,11903,11940,12039,12446,12446,12493,12571,12598,12647,12682,12682,13022,13681,13694,14042,14322,14568,14903,15380,15484,15534,15541,15600,15789,15993,16141,16242,16813,16865,17016,17192,17272,17486,17608,17700,17706,17714,17721,17768,18204,18585,18972,19158,19286,19403,19656,19924,20221,20473,20484,21397
loose	2032,8913,15318,17540,17946,17994,18154,19600,20172,20834,21751,25026,29426,29427,29428,33377,33378,33379,37750,38283,38711,40715,43198,44440,54872,59251,63450,63596,63596,66623,67718,68954,71314,79730,80513,82152,82628,88638,88986,91552,97085,97442,98797,100433,101473,102651,105258,105282,105286,110033,110989,114286,116230,117970,120702,120884,122803,125329,130426,138092,139582,139645,142538,152497,156180,156688,159000,159891,160724,162182,162956,163731,167748,167966,168287,169751,169984,170167,176790,177673,183850,189774,195206,195417,195797,205707,207638,214291,216235,217630,225749,226855,231026,231330,231360,235839,236593,239619,241166,241581
lose	3353,6892,7165,9559,9854,9970,10170,10246,11731,12053,13159,13367,15881,16718,17285,18250,19006,19047,19617,20035,20295,21376,22546,22685,22877,23473,23473,23541,25202,25398,28080,28365,29053,30437,31201,32803,34538,34801,34829,35432,36470,37046,37639,37782,37912,39584,40408,40988,41661,42599,43086,43684,43696,43988,44422,44491,44505,44628,45058,45448,46742,46955,47267,47850,48893,49789,50053,50761,51372,51481,52458,53008,53566,54388,56044,56389,56649,57132,57557,57855,58127,58236,58243,58496,58634,61193,62073,62528,62868,64093,64133,64201,66546,67526,67551,67680,68164,68848,69038,71539
mad	1741,11975,17495,25638,28295,28471,38209,39070,42394,43054,47417,49578,50195,67010,72747,84033,86549,88745,92837,92957,98538,107572,108599,108815,116694,116748,118542,118558,139299,141380,150870,162427,175543,178056,187164,193643,204391,216343,217783,229466,232785,233842,235180,235236,236271,245093,260404,260795,260902,261398,261717,263328,264051,269524,270131,274157,285581,290540,291039,291635,291635,296540,304101,311528,317333,321290,321973,322328,336522,338090,338408,340198,343359,344017,346129,346536,348964,349678,349699,350503,351148,374214,377714,388512,397503,399310,400509,410739,420197,422208,423627,425054,425691,433533,434675,437615,438417,439267,442002,445638
made	119,360,379,410,470,526,564,576,602,656,725,1062,1072,1073,1073,1119,1133,1155,1437,1477,1488,1544,1630,1694,1708,1721,1734,1736,1936,2014,2043,2173,2216,2253,2275,2336,2392,2472,2611,3025,3048,3094,3203,3204,3229,3259,3336,3402,3650,3651,3657,3812,3812,3813,3861,3890,3967,4120,4143,4180,4210,4306,4329,4399,4453,4534,4679,4684,4705,4717,4760,5239,5242,5377,5380,5417,5500,5500,5548,5565,5678,5691,5747,6181,6247,6382,6388,6524,6598,6598,6654,6709,6851,6865,6885,6894,6943,6985,7064,7125
or	35,44,48,50,50,57,65,102,110,125,141,160,208,211,247,255,265,265,277,278,345,346,350,357,375,533,538,540,547,560,564,568,573,587,587,626,767,832,984,1038,1079,1089,1120,1253,1274,1274,1292,1294,1302,1347,1347,1353,1356,1370,1385,1395,1403,1420,1530,1604,1621,1692,1692,1740,1839,1849,1850,1850,1853,1871,1956,1976,1978,2037,2064,2066,2086,2129,2129,2182,2198,2246,2257,2267,2268,2270,2309,2328,2353,2372,2450,2465,2503,2539,2547,2562,2575,2586,2619,2625
ore	45041,47493,60744,76562,81117,101914,105495,106713,144155,147611,149348,157842,163142,168477,175382,176489,191414,194787,219696,225821,237649,237650,245125,245125,253754,312164,315783,356964,371106,376773,387601,418029,453818,494002,502914,511786,550696,569588,585063,603409,603455,618907,619013,649193,649193,661811,664736,712933,713269,725106,738521,750917,752339,752340,758652,758680,768802,779999,780017,790620,801940,808450,809716,809805,814940,828105,829777,856133,861953,863399,890602,896538,896538,913691,914944,919205
passed	190,405,543,549,1496,2128,2134,2167,2824,4137,4545,4574,6246,7194,8105,8243,8732,9789,10708,10795,12107,12527,12672,13875,14278,14873,15370,15439,15593,16680,16792,16911,16980,16993,17009,17296,17385,17912,18594,19023,19196,19319,19403,19530,19926,20421,20705,20786,21231,21357,21357,21359,21651,22091,22378,22378,23455,23459,23461,23759,24068,24289,24342,24821,25098,25387,25823,26815,26993,27099,27129,27650,28029,30219,31239,31355,31535,32030,32569,32620,33115,33198,33323,33594,33805,35129,35201,35436,35942,35961,36423,38015,39037,39126,39646,40269,41370,41641,41782,41787
past	225,409,580,1310,1330,1410,1477,1504,1575,2015,2237,2332,2598,2826,2881,3549,3567,3733,3742,3871,3948,4203,4442,4490,4650,4695,4731,4753,4820,4865,4895,5083,5138,5260,5286,5582,5657,5667,5682,5978,6667,6727,6749,6924,7068,7219,7422,7598,7762,7871,7906,7926,8039,8067,8200,8207,8411,8831,9229,9240,9401,9569,10212,10552,10560,10654,10861,11148,11309,11356,11447,11781,11927,12269,12380,12416,12487,13049,13155,13528,13868,14049,14174,14476,14695,14761,15502,15900,16065,16148,16251,16425,16609,16808,17323,17342,17477,17487,17505,17571
peace	1133,1478,2153,4008,4514,4797,5795,6253,6365,6388,6674,7461,7654,7762,7779,8257,8257,8945,9353,11078,11771,13005,17542,17646,17739,19702,24517,24963,25707,26109,27097,29003,30163,30163,30654,31301,31527,31553,31795,35207,35931,36926,38106,38436,38652,38819,39429,40331,40921,43206,47082,47178,47693,48803,50535,51097,51322,52371,53363,53394,54342,54703,55430,55555,55617,56852,61032,61397,62098,63946,64430,65053,65119,66365,66502,66759,67304,67345,67411,68208,68264,68264,68268,68464,70037,70472,71527,71761,73440,73443,74441,75119,76002,77132,78691,78847,79025,80922,80924,81053
piece	1952,2256,4097,4213,5179,6408,8569,9994,12603,13744,14225,14550,17085,17113,17552,17572,19397,20009,20286,20634,21294,21694,23563,24052,24922,26029,26397,26929,27895,28496,30046,30234,32878,32904,33025,33409,33480,34658,35716,36585,36931,37032,37101,37336,37904,38341,39215,39461,40024,40072,41086,41335,41681,42152,44030,44250,44712,44725,44783,45992,46341,46769,46960,47475,48636,49283,49368,49851,49970,50144,50877,52560,52787,53812,54479,54683,54744,55063,55398,55444,56009,57350,57395,58017,59761,59951,60367,60758,62416,63215,63216,63268,63640,63700,64029,64030,64031,64377,64661,65659
pitch	634,2336,3000,3016,5630,6483,10083,11033,11411,11627,14929,15594,15648,15729,15894,17489,17873,18147,18325,18480,18564,18825,19283,19804,19881,20588,20978,21192,21515,21697,22063,23000,23992,23992,26126,26386,26419,26747,27514,29354,30061,32072,32676,33621,34114,34836,37355,38290,42185,42238,43439,43548,44130,44130,44130,44267,44728,44879,45370,45798,46359,46567,49425,49425,55627,56904,58288,59149,60523,64858,65030,65287,66248,67753,67981,68665,68666,70162,74254,74623,77565,77635,77658,77756,78475,78819,79588,81956,82717,83782,84397,86396,87421,87421,87438,87585,87602,87806,87936,90697
plain	6727,13134,13847,15140,18337,26898,28982,36177,47585,48851,50503,56879,60170,63614,67620,68172,68685,76298,81110,87800,88982,89575,105337,108743,108815,119469,122986,127742,130193,131592,134007,140027,140445,141158,142446,172304,178122,179571,181617,182390,209632,210888,212320,212949,213441,225429,231095,231113,234181,238185,240967,243341,245620,250557,251815,257276,257277,258835,260593,260824,263773,263787,267721,284127,286009,287554,288059,289136,296077,297141,300835,307989,310887,312310,314174,317772,323855,324045,328976,329851,330227,331223,333227,335653,335653,336777,337694,339299,339794,345098,348150,348718,354665,364859,365192,366084,371491,371493,371494,371495
plane	2479,3769,5282,5793,8401,9294,11404,12392,14194,14340,15904,15931,17776,17840,17916,17917,18025,18424,19046,19355,20870,23637,23759,25688,25796,25815,27014,28587,35657,37280,38139,38173,39219,40137,43512,43761,47833,47958,49871,50281,59656,59772,59846,60042,62890,63118,63974,64937,66192,68172,68179,68388,68621,68686,68687,68688,68689,68692,68693,70422,71709,72066,74677,78285,80977,81000,82151,87364,88301,89447,90626,92339,92356,92571,92887,94062,94748,95942,98876,100459,101321,101433,102187,102712,103883,105362,107900,108135,108569,109212,109778,117877,118707,120491,121745,122097,122362,123267,125322,126089
principal	211,1286,5135,5302,5613,6722,7787,8110,8938,10454,11113,13014,13542,18639,19221,19469,21365,21884,26801,30130,33535,33780,34150,34355,42081,43302,46684,48715,49808,55070,59563,63246,68201,70384,73640,76391,77209,77280,81875,86401,86402,86870,88338,89865,93367,93783,94033,94452,96848,96969,97470,98095,101190,103257,108917,114231,114671,115770,117930,122416,123184,124179,128934,138996,142603,144512,146649,149045,149869,151717,157775,157886,158773,159299,162412,163626,163789,164093,166709,167791,169340,169517,170326,171631,172797,174001,175224,177353,177559,178036,178191,179443,182482,182642,184010,184189,184420,184634,185550,187224
principle	4093,5892,13206,16163,23937,26450,26567,32750,37789,41722,42284,43136,45981,48849,52314,59439,62002,66418,67389,69963,73775,74436,75876,75877,82436,87415,92955,96368,98049,98232,100133,102195,107832,113930,114547,115649,119407,121616,127560,128209,133791,134400,137478,139878,142877,143235,147448,148388,157154,157963,161247,173272,178808,188953,190013,199714,199763,202739,206406,210185,211405,212872,214160,220528,224489,225958,242243,243495,244211,250062,252525,253489,256861,259509,267365,267549,269995,275347,284841,292765,306439,309121,311792,312612,321427,321724,345028,347822,352379,354327,357727,359184,359931,366929,370939,371590,371591,371592,372506,374165
province	390,390,860,1850,2545,2615,2749,3094,4065,4407,6504,6562,6928,7991,10148,10298,10302,10302,12358,14219,14649,14688,14986,15310,15415,15504,15602,15897,16304,16379,19585,19671,26112,26748,27172,27194,27201,27228,27243,28122,28313,28487,32400,34018,35205,36766,37858,38296,38852,40695,40844,40973,41471,42477,43520,43592,43603,49217,50890,62378,62904,63430,64440,65017,65020,65213,66604,67837,68571,68641,68820,70228,70262,70824,71402,71903,72887,73394,73547,75953,77179,77397,79103,83380,83444,85103,85159,85194,85301,85406,86445,86522,87121,87318,87380,87570,87879,88133,89797,92038
quiet	1176,7654,9017,10936,12665,16968,17690,17911,17930,17931,19067,20126,21259,23238,27475,29112,31071,33663,34828,35779,36140,37751,38742,42277,43900,47563,48128,48731,48731,50075,51803,52459,58484,60295,63877,64688,64955,65325,67651,70871,70890,70892,70896,70896,70897,74882,79881,80128,80906,82040,85523,86289,92053,92068,92624,93001,96762,98047,100561,100718,100775,101226,102771,106690,107763,109989,109989,110960,111583,111801,112717,113959,114152,114571,115896,116595,117418,118161,118276,119760,120020,120460,128127,128758,128914,129749,130579,130589,130652,130870,131205,132264,133622,134527,134547,134706,135534,135876,136365,145820
quite	2209,2368,3167,4476,4507,5162,6166,7393,8022,8131,9928,10070,10205,10547,12106,14122,14192,15587,15808,16176,17579,18069,18850,19292,19615,20303,20304,20362,20671,20935,22158,22210,22683,22963,23156,23276,23530,25341,26300,27692,27825,28436,29351,30527,31208,31229,31312,31521,33061,33579,34221,35019,35334,35513,35598,35637,35693,35786,35786,35998,36352,36416,36462,36504,36553,36595,36684,36705,36915,36935,36961,37088,37141,37208,37217,37515,37529,37731,38077,38517,39339,39447,39764,40056,40788,40817,40885,42613,43880,44042,44045,44353,44379,44750,44763,44977,45490,45607,45735,45826
raise	918,1717,2073,2132,2369,3175,3453,4616,4761,5403,5921,7386,7406,7940,8305,9247,9376,9556,11124,11295,12415,12493,13159,13231,13277,14613,17486,17921,20988,22274,23760,24205,24313,24457,24878,25596,26700,26748,26816,27357,27797,27958,29210,29677,30989,31547,32039,32464,32507,33161,33465,34267,34417,35024,35298,36346,36596,37239,37402,37510,38527,38566,38702,39927,40389,41048,42056,42409,45656,46726,46804,47000,48807,48909,50121,50423,50728,50885,51202,51259,51556,52861,55078,55524,55544,55552,55859,56668,56851,59296,59565,59961,59961,60089,60142,61906,62009,62013,62670,63066
rise	339,358,449,949,2078,2431,3124,3325,3560,3903,4222,4322,4737,5246,5972,6575,6856,6896,7292,7812,7846,8196,8299,8519,9585,10043,11638,12631,13918,15479,16711,17034,21603,21717,22107,23310,23578,24913,25150,25302,25907,29165,29957,30420,30768,30881,32467,32507,32529,33249,33374,35048,35246,35606,35680,36281,36281,36544,36853,37150,37197,37207,37367,37754,38273,39493,39538,40497,40576,41667,42511,42511,42696,42706,43499,44900,45718,46731,49811,51471,51934,52029,52778,53460,53463,54409,54598,55151,58768,58896,59309,59572,59615,59900,60551,60697,61447,61455,61561,61676
safe	107,283,364,427,1076,1087,1415,1696,2003,2010,2413,2598,3310,4376,4459,4804,5183,5769,6730,6799,7266,7832,8574,9686,9783,9784,9807,10034,11186,11190,11605,11649,12004,12007,12767,12867,13183,13514,14373,14909,14924,14994,15120,15191,15823,15889,16564,16984,17023,17486,17840,18848,20474,21790,22455,23077,23238,23422,23875,24582,24635,24646,24835,25055,25569,25913,25916,25920,26373,26428,28855,28874,28904,29027,29247,29457,29644,29824,29871,30545,30772,31115,31118,31470,31607,32837,33496,34360,34367,34647,35544,35611,35621,36265,36316,36552,36783,36880,37303,37377
save	71,82,966,1400,1551,1790,2244,3651,5684,8342,8506,9105,9687,10350,10367,11066,11271,11347,11437,11767,11961,12089,12251,12407,12761,13223,14033,14652,15185,15250,15318,15604,16199,16456,16497,16693,17124,17140,17152,17292,17784,17807,18499,19352,19439,19562,19724,19951,20690,21285,21698,21791,22382,22724,22910,23118,23123,23837,23994,24034,24514,24849,25087,25670,26242,26314,26773,26921,27264,28180,28360,28686,28795,29068,29457,29705,29860,31303,32208,32994,33224,34325,35042,35275,35361,35990,35990,36331,36523,37148,37414,37490,38264,38480,39158,39509,40541,40910,41462,41764
sight	1074,1862,3410,8818,11724,13847,15627,19937,24506,24931,25376,25903,28168,29758,31888,33571,37469,38599,39207,39729,40408,40752,41532,42212,44091,44505,45262,46578,46865,48321,48931,51822,58033,58298,59092,59222,60170,62513,66616,68627,68751,71749,74817,80432,80820,80928,81225,83098,84106,85773,87800,88394,88628,90466,92270,92591,92592,92593,92594,95099,95581,100372,109080,113811,117727,121012,122055,123687,124733,125851,126423,126934,127184,127958,128078,128574,128586,129483,131332,136554,137987,139026,139390,141158,141636,142062,142923,142968,143332,143915,144221,146352,147798,150195,151587,153275,154110,154478,158761,161695
site	26,174,213,486,742,742,794,1418,1921,2163,2261,2548,2827,3144,3385,3620,3730,3986,4025,4025,4026,4027,4092,4199,4262,5424,5579,5812,6198,6386,6485,6610,6660,6695,6798,6850,6887,7321,7326,7894,7987,8135,8418,8424,8685,8709,9193,9242,9431,9432,9504,9582,9593,9627,9782,9793,9824,10067,10085,10086,10147,10195,10604,11058,11086,11763,11973,12144,12418,12464,12729,12770,12802,13158,13262,13318,13579,13581,13585,13588,13772,14068,14384,14483,15268,15359,15453,15919,16095,16318,16376,16661,16889,16959,16971,18140,18244,18395,18542,18570
spit	18533,21012,64654,85495,90441,106913,107331,113756,114930,127562,134370,148422,151053,163170,182425,265986,290390,290392,290393,292335,300610,317356,368310,369934,374992,383655,385469,389624,431442,438219,455227,482593,500348,500718,500719,512629,557599,612596,637049,645411,672653,678068,679675,692365,724476,739304,771840,801298,824432,828796,841796,853955,890105,907416,946107,987664,998316
split	18,486,2904,3297,5234,6881,7320,8340,11099,11420,13705,15615,17144,17757,18483,18623,18844,19191,19262,19389,19499,20358,20786,20795,21267,21636,21638,21946,22233,24849,25480,26063,26164,28327,31660,33137,37404,37429,39538,40567,41033,43615,45381,45483,51194,51774,54539,57715,61621,62274,62972,65377,70884,71245,72393,72662,73036,74349,74637,75705,77001,78504,79062,79424,79999,80028,80889,81664,82177,83070,84904,87498,87668,89428,89494,91014,91433,93170,95864,97393,97687,100281,100941,104383,109005,109305,109735,109931,110279,110370,111096,111795,112215,112736,113073,114774,118503,119418,120191,120446
than	14,18,75,78,79,101,113,118,169,180,188,208,217,254,265,407,477,522,537,545,566,572,579,593,596,621,645,1007,1071,1074,1082,1082,1084,1148,1172,1176,1305,1353,1353,1365,1497,1535,1690,1694,1694,1793,1796,1803,1897,1928,1937,1948,1950,2031,2038,2040,2128,2267,2377,2380,2404,2404,2472,2522,2535,2541,2594,2596,2596,2617,2676,2684,2684,2706,2728,2865,2928,2932,3052,3138,3151,3192,3242,3343,3430,3439,3442,3530,3532,3571,3653,3696,3748,3873,3902,4125,4127,4179,4190,4196
their	44,44,114,193,261,261,278,288,338,359,472,478,479,538,571,572,582,687,716,736,749,765,809,815,923,1002,1076,1079,1089,1151,1176,1184,1241,1290,1290,1290,1333,1459,1475,1505,1511,1517,1519,1545,1629,1652,1661,1736,1810,1862,1882,1893,1895,1902,1913,1914,1916,1963,1993,2014,2084,2092,2112,2123,2123,2191,2235,2253,2309,2379,2379,2396,2453,2465,2475,2527,2557,2561,2581,2590,2597,2619,2632,2651,2688,2695,2725,2730,2759,2777,2792,2794,2826,2831,2851,2864,2874,2874,2881,2883
them	19,93,116,137,167,174,286,327,327,538,564,716,815,906,1003,1080,1184,1228,1253,1365,1463,1463,1502,1522,1586,1626,1629,1697,1712,1826,1956,1966,1987,1991,2006,2046,2065,2102,2298,2406,2467,2471,2564,2592,2596,2627,2642,2677,2713,2725,2728,2746,2751,2788,2939,2942,2993,2994,3008,3117,3117,3151,3160,3222,3232,3306,3315,3506,3529,3537,3619,3655,3711,3720,3814,3837,3843,3860,3874,3965,4103,4166,4170,4171,4171,4188,4221,4320,4324,4332,4444,4712,4767,5210,5224,5391,5392,5395,5406,5452
theme	1775,2101,7508,7583,7968,8404,8691,9400,11694,11737,13803,15234,16067,16513,16627,17148,18713,19954,20756,20756,23510,24035,25014,25336,26353,26566,27779,30468,32826,36619,36748,36769,37445,37563,38257,38372,39455,45509,49934,53564,53639,53822,55969,55970,56430,57251,58562,61320,63539,67867,68741,69103,73358,74543,75804,75870,77500,77646,77704,78648,79400,79430,80412,80414,80535,84217,84883,88224,88968,89731,90650,92195,92737,92738,92739,92740,92741,94190,94939,98256,107874,109402,111686,112860,112907,114094,119468,121403,121554,121941,124853,126586,129499,133498,134940,135343,141214,143549,144729,144930
then	9,126,451,566,689,893,1031,1125,1389,1522,1557,1834,1999,2105,2171,2208,2368,2412,2537,2757,2761,2898,3097,3136,3205,3242,3353,3376,3401,3657,3657,3686,3810,3835,3846,3943,4201,4232,4300,4424,4451,4506,4601,4627,4666,4676,4848,4849,5301,5397,5398,5515,5626,5661,5694,5945,6233,6240,6252,6304,6506,6548,6558,6642,6665,6751,6843,6888,7184,7468,7483,7569,7682,7868,7880,8194,8197,8778,8822,8887,8964,8967,9100,9213,9215,9556,9578,9643,9835,9862,9880,9892,9988,10107,10356,10390,11254,11329,11437,11543
there	19,106,262,379,597,599,687,814,983,983,1163,1423,1552,1556,1607,1608,1666,1790,1885,1981,2021,2037,2046,2102,2116,2158,2205,2285,2562,2714,2720,2865,2887,2898,2903,2905,2936,2980,2988,2995,3209,3297,3304,3304,3304,3413,3413,3430,3706,3813,3822,3895,3936,3945,4029,4061,4126,4190,4252,4253,4253,4262,4287,4292,4296,4301,4308,4336,4343,4345,4346,4446,4452,4496,4498,4500,4505,4526,4546,4575,4588,4620,4648,4669,4686,4695,4707,4721,4729,4818,4859,5086,5117,5149,5179,5238,5271,5288,5316,5325
they	9,9,13,50,108,120,125,166,174,220,261,263,265,278,288,351,446,505,576,602,694,725,885,887,1059,1064,1120,1132,1151,1166,1166,1176,1226,1261,1283,1315,1362,1410,1463,1463,1488,1505,1516,1517,1522,1530,1550,1552,1630,1692,1692,1723,1786,1871,1876,1897,1902,1966,2017,2046,2105,2160,2175,2186,2187,2298,2416,2424,2453,2465,2478,2481,2501,2518,2541,2557,2563,2568,2590,2590,2615,2630,2633,2641,2658,2663,2684,2705,2706,2708,2716,2739,2744,2765,2765,2779,2784,2810,2813,2822
things	1362,1591,1700,1981,2112,2804,2962,3176,3266,3755,4476,4860,5182,5182,5225,5353,5353,5431,5529,6166,6210,6251,6840,7036,7428,7615,8392,8486,8550,8690,8780,8797,9296,9356,9897,9917,9918,9956,10511,10714,10755,11154,11362,11418,11466,11532,11567,11616,11732,11965,12357,12685,13090,13136,13190,13714,14112,14344,14641,14977,15544,15544,15586,15636,15715,15774,16114,16142,16523,17122,17355,17665,17665,17851,18121,18223,18223,18376,18597,18599,18716,18945,19013,19200,19541,19696,19700,19764,20006,20527,20668,20977,20989,21232,21457,21482,21702,22011,22116,22210
thinks	2160,4475,11623,16280,17577,18272,23117,25670,29281,32677,33911,36151,37078,37457,40788,40789,42106,44039,44596,44596,45590,46060,46480,46481,48274,49242,49988,51483,51525,53618,56406,59789,61402,63007,64092,65193,66372,66422,67009,67010,67011,67056,69335,69352,70354,71046,71310,79336,79505,81645,81895,81896,81897,82008,82052,82634,84038,84743,84766,88874,89775,91458,92589,92952,96683,96888,97072,99489,102969,103558,108838,109036,110470,111211,112670,113722,114454,117055,117683,118302,119339,122143,122177,126295,126577,126933,127971,128030,128617,128962,129055,130438,130439,130460,130565,131329,132814,134707,135322,136236
three	16,156,222,285,306,309,366,453,479,494,537,563,611,654,685,696,711,775,853,879,932,943,1019,1020,1027,1045,1069,1095,1191,1196,1198,1263,1309,1329,1374,1448,1452,1530,1537,1544,1546,1678,1793,1876,1911,2066,2112,2258,2265,2268,2277,2354,2479,2480,2579,2600,2641,2718,2719,2864,2865,2898,2899,2900,2901,2902,2903,2904,2905,2906,2982,3002,3074,3118,3175,3231,3411,3457,3581,3704,3737,3787,3920,4021,4189,4284,4349,4494,4509,4643,4647,4668,4816,4820,4829,4837,4842,4851,4860,5080
to	1,1,4,8,15,16,19,20,31,32,34,35,36,37,38,39,40,47,47,49,51,51,52,52,53,58,63,65,66,70,73,76,78,79,80,86,87,88,93,93,94,94,100,105,105,107,111,115,116,116,117,118,119,123,126,128,132,133,134,135,135,136,139,149,153,155,156,159,163,166,167,167,169,169,173,183,189,199,201,204,205,209,211,212,213,214,214,216,216,224,234,234,238,251,261,261,261,268,268,278
too	115,124,174,247,247,262,418,502,568,675,1033,1081,1230,1301,1521,1623,1824,1950,1953,1980,2150,2205,2785,2785,2896,3230,3323,3489,3695,3810,3975,4010,4164,4172,4501,4512,5182,5182,5284,5734,5734,5737,6311,6842,7325,7521,7666,7726,7849,7901,7980,8452,8691,8992,8993,9122,9148,9219,9388,9605,9786,9855,9867,9908,9908,9908,10520,10525,10935,11464,11616,11925,11975,12215,12665,12776,12906,13051,13258,13258,13464,13744,13977,14085,14136,14261,14420,14578,14713,14911,14933,15356,15610,15613,15646,15651,15675,15769,15882,16266
trail	1431,3445,6442,9610,15433,15586,16306,16850,17899,18121,19045,19426,21026,22708,24845,25273,25292,30491,31442,31624,31630,32533,32543,33248,34330,36289,37717,38675,40586,42277,43716,44184,44578,48461,49910,55420,60123,60374,60611,61254,61675,66692,67838,67838,68346,68782,69950,70952,72968,73839,75883,76910,78172,79947,80256,80580,80714,83005,84106,84218,84639,86051,88823,89588,89753,90903,91220,91276,92203,92798,94864,94865,94866,94870,97977,98494,99111,100514,101162,102430,103068,107427,115856,116232,117166,120988,121230,124916,128080,130102,134250,135633,137096,139499,142211,146887,148786,150576,152647,152907
tree	687,797,1067,2215,2998,8086,8964,9847,11280,12671,14925,15148,15149,15150,15151,15156,15218,16243,16965,19788,20094,20235,21064,21343,22925,23640,23640,23640,24100,24941,24948,25218,26840,28176,31259,33574,33675,36314,36961,36961,36961,36961,37525,38695,38848,39744,40284,40645,41809,41992,42028,42191,43321,43584,44490,45505,50029,54274,54434,55820,56521,59678,61207,64404,64919,66144,66728,67791,68443,68847,69161,69226,69917,69918,69918,70108,70634,71339,72090,77424,78256,78364,79725,79854,80580,80666,80709,81001,81001,81297,82626,83323,83870,84387,84545,84905,86370,86563,87231,88086
trial	366,654,746,841,1288,1458,2342,2357,2660,3375,3654,3654,3833,3874,3896,4137,4283,5095,7978,8244,8457,8726,9650,9668,9922,9996,10113,10469,11369,11371,12667,13355,15122,15383,15398,15407,16664,17047,17174,17619,17719,18038,18095,18148,18965,19364,19591,20139,20608,21313,21876,22003,22004,22005,22007,22656,22724,22747,23887,24555,24601,25562,26167,26171,26186,26223,26225,26226,26227,26228,26230,26233,26239,26240,26256,26754,27443,27876,28158,28802,28970,29010,29128,29439,29667,29949,30430,30927,31826,32765,32940,33135,33471,33471,33843,35186,37112,37321,38448,38450
two	2,65,99,129,156,290,338,338,362,362,379,380,386,391,436,456,479,572,580,580,588,623,631,639,639,644,654,699,716,768,782,794,815,821,865,899,914,929,938,943,945,960,975,999,1004,1027,1058,1061,1158,1210,1210,1213,1214,1236,1253,1253,1288,1329,1473,1479,1488,1490,1522,1525,1525,1530,1531,1552,1618,1652,1712,1716,1759,1771,1793,1807,1809,1847,1914,1954,1997,2043,2172,2241,2270,2295,2295,2392,2425,2429,2437,2442,2472,2579,2598,2601,2680,2681,2707,2719
view	442,829,1291,1976,2151,3274,3903,4123,4660,4783,9124,9165,9170,9188,9411,10128,11979,12403,12455,12506,12729,13513,13600,13600,13814,14322,14980,14982,14983,14984,14985,14986,14987,15067,15074,15083,15089,15158,15725,16151,16545,17121,17505,21595,22791,23335,23375,23501,23502,23503,23504,23505,23506,23507,23508,24483,24558,25061,25160,25964,26103,26207,26548,26835,27524,28528,28734,28782,28981,29020,29158,29430,29696,31182,31229,31625,32082,32523,33891,34377,35261,36116,36515,36785,37159,37178,37246,37756,37993,38870,39019,40043,40150,41680,42424,42425,42426,42427,42428,42429
weak	2975,3392,4339,8562,12617,12901,14166,18047,19676,20211,20230,20230,21459,25107,26662,29290,35278,41669,47022,48522,49827,53527,55636,56519,59930,61718,62846,64745,68468,70027,70471,76559,76559,76594,76923,82200,85763,86026,89052,90884,96654,97042,97125,97936,100939,101030,101034,101035,101036,101037,102067,105868,105875,106069,109462,110146,114625,114675,116858,117534,119302,131842,131871,131974,134575,136372,138601,139059,139165,140439,142829,142830,143279,143486,149756,157861,157952,158037,158072,158103,158103,161272,163835,166425,167419,167586,168205,171562,173497,174821,175168,175799,176063,177706,179588,182401,183465,184668,184669,189201
weather	522,1616,1653,1876,1883,4457,4543,4839,5093,5187,5814,5864,6903,7602,7604,7676,7680,7839,8191,8490,8789,9270,9402,9514,10207,10272,10635,11502,12529,13404,14562,14905,15818,17010,17766,18127,18174,18731,20078,20123,21399,22055,22620,23657,23989,24131,24135,24677,24791,24798,25259,25884,26977,28122,28861,29457,30502,30718,31827,32110,32218,32472,33345,34296,34729,35219,36242,36379,37432,37507,37594,37596,37764,37765,40277,40303,40312,40922,41185,41190,42336,42871,44588,45172,45175,45488,45979,46052,46476,47403,48159,49490,50060,50637,51800,51872,52378,53147,53681,54325
weed	2560,8940,23385,26375,27135,29460,40212,58173,59807,60188,63014,71586,80450,85277,89503,89851,90823,93050,105427,111891,132209,135151,138200,138492,143643,145258,159114,168794,176352,176766,195376,205294,205851,205851,208092,209686,244101,248139,257157,266055,282722,284630,292094,304166,304939,308098,316924,322444,322701,327245,329332,334409,343699,357951,359154,369140,373910,375194,375291,376151,381981,395538,396240,398840,400541,401449,402308,412797,433772,437442,438215,438778,439554,454461,457861,484276,488353,491229,493031,500405,504712,506174,510768,513772,522259,530128,530285,534840,539380,559740,563885,564490,583555,591525,595702,605205,606323,623044,630638,631034
week	106,126,131,197,370,397,602,810,857,947,949,963,987,1107,1129,1129,1197,1226,1525,1525,1566,1566,1687,1750,1815,1860,1860,1992,2082,2119,2135,2137,2170,2295,2295,2415,2416,2453,2474,2509,2558,2661,2763,2782,2786,2787,2788,2789,2790,2791,2792,3065,3181,3183,3205,3260,3325,3344,3375,3403,3552,3590,3590,3593,3593,3653,3737,3741,3764,3852,3852,3862,3915,3915,3916,3916,3930,4202,4205,4224,4309,4309,4395,4442,4540,4591,4740,4794,4801,4801,4802,4802,4837,5070,5084,5159,5374,5378,5677,6231
were	19,44,78,79,134,167,172,220,220,220,265,265,279,285,398,436,454,454,489,503,549,561,565,567,583,602,612,613,624,624,628,628,757,769,771,795,801,814,845,859,882,887,887,894,920,923,945,967,1016,1055,1064,1064,1081,1083,1097,1098,1099,1125,1135,1176,1176,1210,1227,1229,1229,1251,1253,1350,1351,1363,1395,1471,1489,1522,1532,1540,1542,1593,1643,1652,1667,1712,1716,1723,1726,1735,1757,1810,1902,1908,1942,1964,2017,2084,2196,2258,2271,2303,2424,2425
wheat	2752,57367,65546,70333,111972,112887,121686,121903,143321,145789,150496,153051,156294,165677,176345,188279,189773,194836,202116,203960,203960,215641,217918,220471,220471,249671,262413,267231,278640,282469,284718,291954,301728,332281,337754,341169,353626,356693,371975,372510,372699,374760,377332,383095,394073,395547,410929,420470,425462,427059,456573,458775,459242,459565,468653,489428,489428,492146,504593,539688,551320,554426,585844,587870,603666,608196,608329,638445,639267,641479,648957,649555,655169,665752,666297,666911,672199,675411,678763,678763,683658,701817,707958,717554,718969,738770,738777,743895,758006,758453,766166,768888,769193,778682,778738,790759,794465,797204,807840,809255
where	35,166,247,858,869,887,890,893,1057,1111,1120,1125,1174,1176,1291,1355,1363,1613,1614,1622,1712,1756,1758,1780,1787,2003,2024,2029,2128,2136,2160,2228,2357,2442,2529,2630,2657,2658,2811,2865,2869,2923,3222,3346,3348,3419,3425,3460,3560,3631,3634,3737,3761,3781,3806,3889,3944,3995,4171,4179,4224,4266,4350,4526,4577,4754,4797,4806,4843,4849,5341,5384,5391,5404,5581,5735,5875,5914,6172,6460,6534,6597,6655,6677,6831,6895,7025,7093,7254,7397,7429,7445,7544,7570,7696,7841,7852,7954,7973,7987
whether	1106,1287,1723,1871,2023,3326,3565,3569,3819,4283,5192,5381,5703,5963,6179,6210,6759,7715,8103,8603,8611,8797,8839,8889,9118,9251,9436,9501,9598,9991,10034,10294,10588,10605,10699,10761,10903,11007,11335,11562,11719,11736,12306,12308,12560,12625,13264,13277,13344,13474,13805,13843,13895,14747,15023,15133,15271,15273,15467,15481,16509,17004,17349,17376,17411,17615,17745,18035,18902,19188,19236,19329,19672,19700,19940,20004,20430,20858,20913,20941,21140,21142,21149,21798,21818,22906,23046,23136,23245,23337,23615,23615,23668,24291,24557,24764,24770,24771,25081,25562
which	60,106,116,117,122,128,145,153,192,196,230,285,379,454,509,517,520,548,551,561,573,628,652,682,741,888,917,923,938,988,1009,1064,1102,1112,1154,1233,1234,1254,1277,1293,1328,1343,1438,1497,1522,1558,1563,1676,1692,1736,1824,1841,1858,1921,1987,2010,2014,2021,2043,2066,2124,2229,2229,2229,2238,2265,2290,2353,2356,2366,2447,2463,2468,2584,2637,2643,2645,2660,2676,2695,2731,2745,2831,2833,2844,2867,2887,2888,2964,2988,2990,3026,3066,3108,3139,3154,3197,3224,3226,3353
whole	1341,1342,1467,1584,1886,4805,5353,5557,5604,6468,6593,8595,9070,9394,9798,9826,10219,10301,10333,10334,10393,10963,11103,11607,11610,11668,12512,12953,13168,13334,13489,14028,14036,14436,15198,15781,15871,16010,16576,17102,17159,17176,17181,17613,17650,18053,18827,19204,19297,19628,19649,19981,20804,22030,22083,22161,22275,22280,22968,23015,23270,23524,23807,23866,23881,24953,25259,25384,26635,29092,30379,30866,31175,32076,32129,32664,32957,32994,34244,34844,35021,35520,35549,36097,36420,36553,37353,37364,37445,37592,37597,37617,37672,38114,39393,39983,40445,40684,41422,42293
width	22793,29708,33129,49969,59197,92069,161754,179713,195177,198647,198910,238302,238586,240398,253956,311584,354646,377970,413092,422712,430319,461534,502541,527171,554265,554768,557372,568723,598085,599039,613479,674537,681610,706598,707607,712596,718184,721684,724050,731391,731729,746024,748681,758805,763115,772322,772513,785396,788062,808832,808983,822031,822031,843234,843235,843236,843237,855434,877061,881967,884718,897743,956137,984828,990686
witch	17396,17544,17856,19861,23631,24054,28236,34233,54216,73036,73076,80097,82374,87858,92664,102322,103191,105306,121842,165151,183133,212931,228617,242978,244485,263431,269931,273510,273941,285495,307259,310124,314781,332411,335079,343861,354112,354390,358753,366432,369498,377823,378361,378684,380827,390671,391437,397140,415122,439151,445834,452652,469254,480549,483221,490859,501674,510877,533722,539322,606591,609531,626513,627514,627515,632995,638690,649177,665077,666158,673776,682933,703714,732874,733451,740081,771563,793047,827244,830074,838089,847832,857542,864578,871850,875892,889661,889661,891602,894820,900125,900165,900220,900494,907726,908490,909281,912589,936512,950154
with	8,16,38,60,81,88,90,112,115,140,142,147,148,168,186,208,211,212,220,252,260,265,266,291,327,327,327,327,338,347,349,354,385,391,392,400,401,405,421,426,428,430,431,432,436,436,437,437,437,444,450,451,451,452,452,464,467,482,492,504,508,511,523,529,534,538,538,538,541,549,554,555,568,584,587,596,621,624,627,628,631,633,634,639,640,640,641,642,644,647,652,662,663,669,669,670,674,681,691,692
word	383,748,2423,3139,4416,5863,7673,8219,8312,8440,10134,11173,12680,14868,15010,15227,16734,17600,17844,19513,19769,20451,21019,21640,22407,23095,23938,24099,24492,26076,26113,26517,27034,27527,29592,30160,32137,32725,33017,33545,33570,33697,35426,35640,35967,35967,36523,36821,36864,36975,38107,38821,39079,40096,40735,40786,41430,41636,42170,44206,44459,44934,45013,45130,45775,46539,46715,47016,47542,47952,49477,49692,50508,50548,51625,52313,53018,54673,55053,55603,56086,56086,56088,56775,57069,57597,58345,58350,58378,58401,58940,59222,59472,62961,63013,63186,63703,64622,64999,65692
world	188,191,525,545,684,1085,1125,1164,1520,1538,1609,1770,1856,1928,1944,1945,2040,2087,2179,2196,2366,2435,2525,2732,2745,2778,2878,2881,2907,3172,3209,3254,3366,3416,3463,3650,3729,3903,3980,4013,4020,4029,4246,4304,4725,4745,4775,4777,4786,4872,5407,5457,5493,5812,5846,6411,6454,6574,6729,6799,6944,6996,7011,7024,7163,7577,7660,7841,7995,8279,8310,8322,8343,8541,8666,8680,8801,8969,9018,9049,9277,9341,9343,9344,9360,9397,9461,9554,9733,9834,10151,10160,10160,10189,10233,10335,10336,10337,10368,10554
you	6,41,81,92,93,106,115,153,170,206,268,286,340,340,347,347,510,596,675,675,676,829,869,985,1081,1110,1148,1183,1257,1257,1292,1328,1440,1471,1603,1610,1622,1764,1780,1885,1951,1985,2004,2047,2047,2066,2094,2096,2097,2098,2099,2100,2109,2109,2194,2194,2298,2432,2434,2595,2678,2759,2889,2898,2898,2898,2898,2940,2968,2986,3080,3154,3222,3222,3222,3229,3242,3261,3309,3322,3357,3388,3388,3429,3432,3618,3722,3722,3744,3835,3926,3939,3948,3984,3995,3997,3997,4345,4662,4763
your	41,81,206,207,309,406,510,510,675,832,865,1340,1445,1470,1616,1673,1817,1951,2194,2432,2858,2952,3154,3302,3322,3357,3388,3432,3544,3717,3750,3750,3783,3849,3853,3948,3974,3984,4172,4172,4333,4662,4756,4756,4800,4800,5182,5289,5426,5473,5670,5670,5670,5705,5783,5783,5783,5850,5923,6220,6346,6435,6492,6742,7098,7098,7137,7238,7391,7588,7665,7665,7777,7801,7801,7801,7803,7853,8072,8072,8100,8302,8306,8388,8397,8397,8398,8486,8486,8486,8543,8578,8578,8790,8790,8842,8888,8889,9042,9062
